,Unnamed: 0,playlist_name,track_name,album_name,popularity,release_date,duration,artist_name
0,0,wedding playlist 2,Do You Realize??,Yoshimi Battles the Pink Robots,59,2002,213173,The Flaming Lips
1,1,wedding playlist 2,I Melt with You,After the Snow,55,1982,251573,Modern English
2,2,wedding playlist 2,Just Like Heaven,"Kiss Me, Kiss Me, Kiss Me",72,1987,212013,The Cure
3,3,wedding playlist 2,Here Comes Your Man,Doolittle,69,1989,201186,Pixies
4,4,wedding playlist 2,God Only Knows - Mono / 1997 Remastered,Pet Sounds (Original Mono & Stereo Mix Versions),67,1966,173040,The Beach Boys
5,5,coming of age online,"Holland, 1945",In the Aeroplane Over the Sea,58,1998,192533,Neutral Milk Hotel
6,6,coming of age online,Communist Daughter,In the Aeroplane Over the Sea,52,1998,117306,Neutral Milk Hotel
7,7,coming of age online,Oh Comely,In the Aeroplane Over the Sea,49,1998,498146,Neutral Milk Hotel
8,8,coming of age online,King of Carrot Flowers Pts. 2 & 3,In the Aeroplane Over the Sea,50,1998,186280,Neutral Milk Hotel
9,9,coming of age online,Two-Headed Boy,In the Aeroplane Over the Sea,53,1998,266106,Neutral Milk Hotel
10,10,coming of age online,"Flightless Bird, American Mouth",The Shepherd's Dog,68,2007,241917,Iron & Wine
11,11,coming of age online,Heart It Races - Cover Version,Heart It Races (Cover Version),59,2007,231880,Dr. Dog
12,12,coming of age online,First Day of My Life,"I'm Wide Awake, It's Morning",68,2005,188877,Bright Eyes
13,13,coming of age online,Cough Syrup,Young The Giant (Special Edition),69,2011,249520,Young the Giant
14,14,coming of age online,White Winter Hymnal,Fleet Foxes,59,2008,147026,Fleet Foxes
15,15,coming of age online,Do You Realize??,Yoshimi Battles the Pink Robots,59,2002,213173,The Flaming Lips
16,16,coming of age online,"Yoshimi Battles the Pink Robots, Pt. 1",Yoshimi Battles the Pink Robots,57,2002,287506,The Flaming Lips
17,17,coming of age online,Oblivion,Visions,69,2012,251266,Grimes
18,18,coming of age online,Lua,"I'm Wide Awake, It's Morning",59,2005,271600,Bright Eyes
19,19,coming of age online,I And Love And You,I And Love And You,60,2009,300840,The Avett Brothers
20,20,coming of age online,Blood Bank,Blood Bank,65,2009,285160,Bon Iver
21,21,coming of age online,No One's Gonna Love You,Cease To Begin,59,2007,217333,Band of Horses
22,22,coming of age online,The Blower's Daughter,O,64,2003,286653,Damien Rice
23,23,coming of age online,Sleeping Ute,Shields,38,2012,275317,Grizzly Bear
24,24,coming of age online,There Is a Light That Never Goes Out - 2011 Remaster,The Queen Is Dead,79,1986,244586,The Smiths
25,25,coming of age online,Fidelity,Begin to Hope,57,2006,226680,Regina Spektor
26,26,coming of age online,re:stacks,"For Emma, Forever Ago",59,2008,401426,Bon Iver
27,27,coming of age online,Sea of Love,The Covers Record,62,2000,139466,Cat Power
28,28,coming of age online,The District Sleeps Alone Tonight - Remastered,Give Up (Deluxe 10th Anniversary Edition),53,2003,283746,The Postal Service
29,29,coming of age online,I Will Follow You into the Dark,Plans,63,2005,189400,Death Cab for Cutie
30,30,coming of age online,Transatlanticism,Transatlanticism (10th Anniversary Edition),55,2003,475093,Death Cab for Cutie
31,31,coming of age online,What Sarah Said,Plans,39,2005,380866,Death Cab for Cutie
32,32,coming of age online,Such Great Heights,Give Up,50,2003,266346,The Postal Service
33,33,coming of age online,A Movie Script Ending,The Photo Album,42,2001,259480,Death Cab for Cutie
34,34,coming of age online,Dear Avery,The King Is Dead,18,2011,291906,The Decemberists
35,35,coming of age online,You're a Wolf,Leaves in the River,52,2007,215560,Sea Wolf
36,36,coming of age online,Middle Distance Runner,Leaves in the River,40,2007,207666,Sea Wolf
37,37,coming of age online,The Garden That You Planted,Get to the River Before It Runs Too Low,32,2007,241773,Sea Wolf
38,38,coming of age online,Land Locked Blues,"I'm Wide Awake, It's Morning",45,2005,347933,Bright Eyes
39,39,coming of age online,Lisztomania,Wolfgang Amadeus Phoenix,64,2009,241546,Phoenix
40,40,coming of age online,40 Day Dream,Up From Below,48,2009,233586,Edward Sharpe & The Magnetic Zeros
41,41,coming of age online,Oxford Comma,Vampire Weekend,54,2008,195733,Vampire Weekend
42,42,coming of age online,Cape Cod Kwassa Kwassa,Vampire Weekend,48,2008,214706,Vampire Weekend
43,43,coming of age online,The Kids Don't Stand a Chance,Vampire Weekend,38,2008,243000,Vampire Weekend
44,44,coming of age online,Diplomat's Son,Contra,40,2010,361373,Vampire Weekend
45,45,coming of age online,Young Lion,Modern Vampires of the City,37,2013,105360,Vampire Weekend
46,46,coming of age online,Hannah Hunt,Modern Vampires of the City,53,2013,237973,Vampire Weekend
47,47,coming of age online,Unbelievers,Modern Vampires of the City,59,2013,202666,Vampire Weekend
48,48,coming of age online,Mykonos,First Collection: 2006-2009,61,2018,275306,Fleet Foxes
49,49,coming of age online,Oliver James,Fleet Foxes,35,2008,203880,Fleet Foxes
50,50,coming of age online,Helplessness Blues,Helplessness Blues,44,2011,303386,Fleet Foxes
51,51,coming of age online,Needle,Birthmarks,50,2013,213870,Born Ruffians
52,52,coming of age online,Ocean's Deep,Birthmarks,52,2013,167351,Born Ruffians
53,53,coming of age online,Hummingbird,"Red, Yellow & Blue",37,2008,188013,Born Ruffians
54,54,coming of age online,I Need A Life,"Red, Yellow & Blue",30,2008,206626,Born Ruffians
55,55,dance,Leave The Door Open,An Evening With Silk Sonic,83,2021,242096,Silk Sonic
56,56,dance,Summer on You,Summer on You,59,2018,205791,PRETTYMUCH
57,57,dance,"Do It (feat. Doja Cat, City Girls & Mulatto) [Remix]","Do It (feat. Doja Cat, City Girls & Mulatto) [Remix]",59,2020,255180,Latto
58,58,dance,No Drama,No Drama,11,2020,176253,The New Respects
59,59,dance,Angel Baby,Angel Baby,80,2021,220779,Troye Sivan
60,60,dance,Meet Me At Our Spot,THE ANXIETY,79,2020,162680,Tyler Cole
61,61,dance,Waffle House,Black Like This,28,2020,204806,Muni Long
62,62,dance,Sneaky Link,Nobody Knows,39,2021,222337,Muni Long
63,63,dance,No R&B,Public Displays Of Affection: The Album,43,2022,214263,Ann Marie
64,64,dance,Have Mercy,Have Mercy,72,2021,148778,Chlöe
65,65,dance,NASA,"thank u, next",65,2019,182000,Ariana Grande
66,66,dance,Berna,Flavour of Africa,44,2020,238576,Tekno
67,67,dance,No Copia,No Copia,47,2020,175338,Llane
68,68,dance,Favorito,Favorito,66,2020,211613,Camilo
69,69,dance,Girlfriend,Girlfriend,61,2020,177438,Charlie Puth
70,70,dance,Magic In The Hamptons (feat. Lil Yachty),Magic In The Hamptons (feat. Lil Yachty),73,2018,164640,Lil Yachty
71,71,dance,Safaera,YHLQMDLG,79,2020,295176,Ñengo Flow
72,72,dance,Yo Perreo Sola,YHLQMDLG,78,2020,172127,Bad Bunny
73,73,dance,Callaita,Callaita,79,2019,250533,Tainy
74,74,dance,Arcoíris,Colores,54,2020,186693,Mr Eazi
75,75,dance,Find Someone Like You,"- Ugh, those feels again",58,2019,206465,Snoh Aalegra
76,76,dance,Still Not Falling,Timeshare,20,2013,251640,Shy Girls
77,77,dance,Felices los 4,F.A.M.E.,72,2018,230000,Maluma
78,78,dance,Julia,Leave What's Lost Behind,43,2020,205413,Colony House
79,79,dance,To Noise Making (Sing),"Wasteland, Baby!",47,2019,206920,Hozier
80,80,dance,Do Whatcha Wanna,25th Anniversary,35,2008,192680,Rebirth Brass Band
81,81,dance,Wraith Pinned to the Mist and Other Games,The Sunlandic Twins,55,2005,255613,of Montreal
82,82,dance,Holy Ghost,Cocoa Sugar,35,2018,152654,Young Fathers
83,83,dance,Young Americans - Single Version; 2002 Remaster,Best of Bowie,43,2002,194640,David Bowie
84,84,dance,I Fought the Law,Hits Back,58,2013,163240,The Clash
85,85,dance,Katchua,Katchua,55,2018,229433,Ya Levis
86,86,dance,Suzanna,Midnight Train,42,2020,230787,Sauti Sol
87,87,dance,Djadja,NAKAMURA,69,2018,171133,Aya Nakamura
88,88,dance,Don't Pull Your Love,Greatest Hits,38,1994,162026,"Hamilton, Joe Frank & Reynolds"
89,89,dance,Can I Kick It?,People's Instinctive Travels and the Paths of Rhythm (25th Anniversary Edition),69,1990,251573,A Tribe Called Quest
90,90,dance,Liballa,Liballa,44,2018,288574,Ya Levis
91,91,dance,Jenevah,H E L I O S.,45,2018,260000,Tayc
92,92,dance,La métisse,Zulu,26,2013,231253,Mario Ramsamy
93,93,dance,Jowo,A Better Time,57,2020,176470,Davido
94,94,dance,Nobody,Nobody,48,2020,145860,Mr Eazi
95,95,dance,Definition,Mos Def & Talib Kweli Are Black Star,58,1998,206493,Black Star
96,96,dance,Sunday Candy,Surf,63,2015,226013,Donnie Trumpet & The Social Experiment
97,97,dance,The Light,Go! Common Classics,52,2010,243586,Common
98,98,dance,Hypnotize - 2014 Remaster,Life After Death (2014 Remastered Edition),80,1997,229826,The Notorious B.I.G.
99,99,dance,7/11,BEYONCÉ [Platinum Edition],68,2014,213506,Beyoncé
100,100,dance,Angels (feat. Saba),Angels (feat. Saba),41,2015,205384,Saba
101,101,dance,Paper Planes,Kala,76,2007,205200,M.I.A.
102,102,dance,Gangnam Style (강남스타일),Gangnam Style (강남스타일),73,2012,219493,PSY
103,103,dance,Formation,Lemonade,70,2016,206080,Beyoncé
104,104,dance,Soy Yo,Amanecer,61,2015,159800,Bomba Estéreo
105,105,,Why Me,The Austin Sessions,22,1999,177840,Kris Kristofferson
106,106,,Second Sight,Returning Current,6,2017,266413,Snowblink
107,107,,Martha,Closing Time (Remastered),51,1973,268866,Tom Waits
108,108,,Now I'm In It - Bonus Track,Women In Music Pt III (Expanded Edition),57,2021,204280,HAIM
109,109,,Boys And Girls Of 2018 And Everything In Between,MAYBE,29,2019,140466,Valley
110,110,,Delicate,O,55,2003,312066,Damien Rice
111,111,,Nobody Wins,The Austin Sessions,12,1999,246733,Kris Kristofferson
112,112,,Black Oak,Safe and Also No Fear,25,2019,402141,"Slaughter Beach, Dog"
113,113,,Fruits Of My Labor,World Without Tears,54,2003,288133,Lucinda Williams
114,114,,The Bad In Each Other,Metals,35,2011,284506,Feist
115,115,,Gold and Green,Birdie,47,2017,187696,"Slaughter Beach, Dog"
116,116,,Don't Think Twice It's Alright,Chris Thile & Brad Mehldau,40,2017,361413,Brad Mehldau
117,117,,Hurry,K.T.S.E.,47,2018,174200,Kanye West
118,118,,I Would Like To Call It Beauty,The Sea,21,2010,258920,Corinne Bailey Rae
119,119,,For All We Know,A Donny Hathaway Collection,29,1990,219600,Donny Hathaway
120,120,,So We Say,Three The Hard Way,8,2017,226353,Krystle Warren
121,121,,Sticking to My Guns,Gumbo,45,2017,221748,PJ Morton
122,122,,Real Love Baby,Real Love Baby,58,2016,189293,Father John Misty
123,123,,Living at the Ceiling,Fear,17,2019,284360,Begonia
124,124,,Nervous Driver,Thx,53,2017,144865,Lomelda
125,125,,Call Me When You Get This,Corinne Bailey Rae,39,2006,304866,Corinne Bailey Rae
126,126,,Torn Screen Door,Torn Screen Door,31,1999,98080,David Francey
127,127,,Ready For Love,Soul Sisters,44,2019,268800,India.Arie
128,128,,Let It Lie,Let It Lie,24,2015,244000,The Bros. Landreth
129,129,,Now At Last,Let It Die,20,2004,196240,Feist
130,130,,Self,Room 25,38,2018,94932,Noname
131,131,,"Strength, Courage, and Wisdom - India Arie",Muzik of the Mind and Spirit - a Concept Compilation,45,2006,301866,India.Arie
132,132,,Motivation,Motivation,69,2019,193837,Normani
133,133,,No Other Love,No Other Love,39,2002,233706,Chuck Prophet
134,134,,Poses,Poses,29,2001,299760,Rufus Wainwright
135,135,,The Story of an Artist,The Late Great Daniel Johnston: Discovered Covered,17,2004,260160,M Ward
136,136,,MONOPOLY (with Victoria Monét),MONOPOLY,62,2019,158586,Victoria Monét
137,137,,Home,The Nameless Ranger,36,2015,272794,Modern Baseball
138,138,,World Spins Madly On,Say I Am You,62,2005,165133,Steve Tannen
139,139,,Yellow Eyes,Imaginary Man,49,2015,230786,Rayland Baxter
140,140,,Feel The Need,a tree planted by water,43,2019,228926,Eryn Allen Kane
141,141,,To Beat The Devil,The Essential Kris Kristofferson,36,2004,282640,Kris Kristofferson
142,142,,Take Care,Alone at Last,16,2018,97114,Tasha
143,143,currents,Let's Get Married,Gone Now,55,2017,186053,Bleachers
144,144,currents,Julia,Leave What's Lost Behind,43,2020,205413,Colony House
145,145,currents,Holy,HEAVN,41,2017,192400,Jamila Woods
146,146,currents,For Island Fires and Family,Dermot Kennedy,54,2019,285644,Dermot Kennedy
147,147,currents,You're Too Precious,You're Too Precious,51,2020,223900,James Blake
148,148,a love letter to little me,Hey There Delilah,All That We Needed,78,2005,232533,Plain White T's
149,149,a love letter to little me,Who Says,When The Sun Goes Down,75,2011,195613,Selena Gomez & The Scene
150,150,a love letter to little me,Potential Breakup Song,Insomniatic,67,2007,219773,Aly & AJ
151,151,a love letter to little me,So Yesterday,Metamorphosis,57,2003,215333,Hilary Duff
152,152,a love letter to little me,"Ultimate - From ""Freaky Friday""/Soundtrack Version",Freaky Friday,54,2003,186866,Lindsay Lohan
153,153,a love letter to little me,Stick to the Status Quo,High School Musical,56,2006,268413,Disney
154,154,a love letter to little me,Beautiful Soul,Beautiful Soul,71,2004,214226,Jesse McCartney
155,155,a love letter to little me,Do You Believe In Magic,Into The Rush,44,2005,134066,Aly & AJ
156,156,a love letter to little me,Our Song,Taylor Swift (Big Machine Radio Release Special),61,2006,203440,Taylor Swift
157,157,a love letter to little me,"The Best of Both Worlds - From ""Hannah Montana""/Soundtrack Version",Hannah Montana,63,2006,174120,Hannah Montana
158,158,a love letter to little me,Walking On Sunshine,Into The Rush,49,2005,233733,Aly & AJ
159,159,a love letter to little me,Don't Go Breakin' My Heart - Original Version,Ella Enchanted,41,2004,190066,Anne Hathaway
160,160,a love letter to little me,Picture To Burn,Taylor Swift (Big Machine Radio Release Special),57,2006,175280,Taylor Swift
161,161,a love letter to little me,Mandy,Music From Chasing Happiness,30,2019,168480,Jonas Brothers
162,162,a love letter to little me,Teardrops On My Guitar - Radio Single Remix,Taylor Swift (Big Machine Radio Release Special),58,2006,204706,Taylor Swift
163,163,a love letter to little me,If That's Not Love,The Naked Brothers Band,38,2007,134146,The Naked Brothers Band
164,164,a love letter to little me,Long Distance,The Naked Brothers Band,25,2007,240693,The Naked Brothers Band
165,165,a love letter to little me,Thinking Of You,One Of The Boys,49,2008,246410,Katy Perry
166,166,a love letter to little me,Big Girls Don't Cry (Personal),The Dutchess,71,2006,268120,Fergie
167,167,a love letter to little me,I'm Only Me When I'm With You,Taylor Swift,53,2006,213053,Taylor Swift
168,168,a love letter to little me,7 Things - Single Version,Breakout,62,2008,213453,Miley Cyrus
169,169,a love letter to little me,If We Were A Movie,Hannah Montana 3,49,2009,184360,Corbin Bleu
170,170,a love letter to little me,Burnin' Up,A Little Bit Longer,68,2008,175093,Jonas Brothers
171,171,a love letter to little me,Lovebug,A Little Bit Longer,61,2008,220693,Jonas Brothers
172,172,You are safe,Sight,Atlas: II,34,2019,249555,Sleeping At Last
173,173,You are safe,Joy,Atlas: II,32,2019,193725,Sleeping At Last
174,174,You are safe,Here Comes The Sun,Live At The Cellar Door and at the Santa Monica Civic Auditorium,57,1972,254000,Richie Havens
175,175,ATL w/Melissa,Breakfast In Bed,1-800-HIT-EAZY,37,2021,180937,Hitmaka
176,176,ATL w/Melissa,Hocus Pocus,Year One,39,2018,218363,Clark Beckham
177,177,ATL w/Melissa,Over (When We Said Goodbye),Cold Heart,46,2018,210586,Thirdstory
178,178,ATL w/Melissa,Good Kisser,Free Yourself Up,60,2018,218493,Lake Street Dive
179,179,ATL w/Melissa,Colors,Black Pumas,64,2019,246586,Black Pumas
180,180,ATL w/Melissa,Better Days,Better Days,45,2020,198600,Justin Timberlake
181,181,To listen to 8/2,Thoughts From the ER (Silver Lining),Hotel TV,32,2021,262373,Lawrence
182,182,To listen to 8/2,It's Not All About You,Hotel TV,47,2021,151320,Lawrence
183,183,To listen to 8/2,Don't Move,Hotel TV,31,2021,180906,Lawrence
184,184,To listen to 8/2,It's Gonna Be Me (feat. Brasstracks),Hotel TV,39,2021,203653,Brasstracks
185,185,To listen to 8/2,The Weather,Hotel TV,44,2021,169093,Lawrence
186,186,To listen to 8/2,False Alarms (with Jon Bellion),Hotel TV,49,2021,240133,Jon Bellion
187,187,To listen to 8/2,Figure It Out (A Song Between Siblings),Hotel TV,31,2021,248293,Lawrence
188,188,To listen to 8/2,Stupid Deep,Glory Sound Prep,58,2018,178176,Jon Bellion
189,189,To listen to 8/2,False Alarms (with Jon Bellion),False Alarms (with Jon Bellion),39,2021,240133,Jon Bellion
190,190,To listen to 8/2,Hand Of God - Outro,The Human Condition,42,2016,337551,Jon Bellion
191,191,To listen to 8/2,JT,Glory Sound Prep,47,2018,268466,Jon Bellion
192,192,To listen to 8/2,Couples Retreat,Glory Sound Prep,42,2018,208697,Jon Bellion
193,193,To listen to 8/2,Pre-Occupied,The Definition,41,2014,267794,Blaque Keyz
194,194,To listen to 8/2,Human,The Definition,47,2014,205268,Jon Bellion
195,195,To listen to 8/2,Simple & Sweet,The Definition,49,2014,171868,Jon Bellion
196,196,To listen to 8/2,Ooh,The Definition,47,2014,219227,Christianne Jensen
197,197,To listen to 8/2,Luxury,The Definition,49,2014,243458,Audra Mae
198,198,To listen to 8/2,Dead Man Walking,Translations Through Speakers,50,2013,196840,Jon Bellion
199,199,for dancing,She's A Lady,Underdog Alma Mater,52,2008,240040,Forever The Sickest Kids
200,200,for dancing,1985,A Hangover You Don't Deserve,70,2004,193000,Bowling For Soup
201,201,for dancing,Dirty Little Secret,Move Along,65,2005,193653,The All-American Rejects
202,202,for dancing,Gives You Hell,When The World Comes Down,69,2008,213106,The All-American Rejects
203,203,for dancing,Story of a Girl,The 90s Rocked My Heart,40,2015,187218,Melting Oak
204,204,for dancing,"Sugar, We're Goin Down",From Under The Cork Tree,77,2005,229093,Fall Out Boy
205,205,for dancing,Move Along,Move Along,60,2005,238880,The All-American Rejects
206,206,for dancing,I Melt With You,Goes to the Movies (Expanded Edition),42,2005,241440,Bowling For Soup
207,207,for dancing,"Dear Maria, Count Me In","So Wrong, It's Right",76,2007,182826,All Time Low
208,208,for dancing,Sk8er Boi,Let Go,76,2002,204000,Avril Lavigne
209,209,for dancing,All The Small Things,Enema Of The State,81,1999,167066,blink-182
210,210,for dancing,In Too Deep,"All Killer, No Filler",74,2001,207093,Sum 41
211,211,for dancing,Mr. Brightside,Hot Fuss,85,2004,222973,The Killers
212,212,for dancing,Jane Doe,What Is Love?,37,2010,115146,Never Shout Never
213,213,for dancing,piggy bank,Harmony,27,2010,94200,Never Shout Never
214,214,for dancing,first dance,Harmony,40,2010,129773,Never Shout Never
215,215,for dancing,trampoline,Harmony,32,2010,144840,Never Shout Never
216,216,for dancing,sweet perfection,Harmony,35,2010,109053,Never Shout Never
217,217,for dancing,Hummingbird,The Summer EP,32,2009,185173,Never Shout Never
218,218,for dancing,Can't Stand It,What Is Love?,45,2010,170560,Never Shout Never
219,219,for dancing,Kiss Me Slowly,Pop Party,37,2019,235813,Parachute
220,220,for dancing,Two Is Better Than One (feat. Taylor Swift),Love Drunk,65,2009,242840,Taylor Swift
221,221,for dancing,Say You Like Me,Sunshine State of Mind,53,2011,210645,We The Kings
222,222,for dancing,Love Like Woe,"I'm Alive, I'm Dreaming (Deluxe)",55,2010,200453,The Ready Set
223,223,for dancing,Thnks fr th Mmrs,Infinity On High,77,2007,203506,Fall Out Boy
224,224,for dancing,It Ends Tonight,Move Along,56,2005,244826,The All-American Rejects
225,225,for dancing,Hero / Heroine - Original Mix,Boys Like Girls,37,2006,232240,Boys Like Girls
226,226,for dancing,That's What You Get,Riot!,67,2007,220480,Paramore
227,227,for dancing,Goodnight Moon,Do Overs And Second Chances,52,2010,306186,Go Radio
228,228,for dancing,Rhythm Of Love,Wonders Of The Younger (International Version),52,2010,200200,Plain White T's
229,229,for dancing,Everywhere,The Spirit Room,65,2001,214826,Michelle Branch
230,230,for dancing,Breathe,Hotel Paper,56,2003,211773,Michelle Branch
231,231,for dancing,Are You Happy Now?,Hotel Paper (Deluxe Edition),31,2003,230760,Michelle Branch
232,232,for dancing,Over My Head (Cable Car),How To Save A Life,69,2005,236266,The Fray
233,233,for dancing,Do It 2 Me,All the Way,43,2011,200053,Allstar Weekend
234,234,for dancing,Mr Wonderful,All the Way,33,2011,200093,Allstar Weekend
235,235,for dancing,When You Were Young,Sam's Town,76,2006,220426,The Killers
236,236,for dancing,Human,Day & Age (Bonus Tracks),74,2008,245373,The Killers
237,237,for dancing,Sam's Town,Sam's Town,54,2006,246026,The Killers
238,238,doin' the naughty,Sex And Candy,"Lunch, Recess & Detention",57,2012,172486,Marcy Playground
239,239,doin' the naughty,The Only Moment We Were Alone,The Earth Is Not a Cold Dead Place,32,2003,614040,Explosions In The Sky
240,240,doin' the naughty,Man,good to know,40,2020,173760,JoJo
241,241,doin' the naughty,Breakfast In Bed,1-800-HIT-EAZY,37,2021,180937,Hitmaka
242,242,"dont worry, you're doing just fine",Kill Monsters In The Rain,Trampoline,18,2007,237933,Steel Train
243,243,"dont worry, you're doing just fine",To Take You Home,Love Ire & Song,24,2009,229133,Frank Turner
244,244,"dont worry, you're doing just fine",The Freshmen,Villains,61,1996,269466,The Verve Pipe
245,245,"dont worry, you're doing just fine",What's Your Name,Mélange,0,2020,273453,Seth Slay
246,246,"dont worry, you're doing just fine",I Was Made For Sunny Days,Be My Thrill,44,2010,193506,Steve Tannen
247,247,"dont worry, you're doing just fine",I Got,Young The Giant (Special Edition),42,2011,259773,Young the Giant
248,248,"dont worry, you're doing just fine",Good as New,Gone,31,2012,204026,Vacationer
249,249,"dont worry, you're doing just fine",I Need A Life,"Red, Yellow & Blue",30,2008,206626,Born Ruffians
250,250,sing me to sleep,Yesterday - Remastered 2009,Help! (Remastered),75,1965,125666,The Beatles
251,251,sing me to sleep,You Are My Sunshine,Unearthed,56,2003,196733,Johnny Cash
252,252,sing me to sleep,Asleep - 2008 Remaster,The Sound of the Smiths (Deluxe; 2008 Remaster),43,2008,250280,The Smiths
253,253,Re-education: Bob Dylan,Talkin' New York,Bob Dylan,33,1962,197653,Bob Dylan
254,254,Re-education: Bob Dylan,"It Takes a Lot to Laugh, It Takes a Train to Cry",Highway 61 Revisited,41,1965,245133,Bob Dylan
255,255,Re-education: Bob Dylan,Queen Jane Approximately,Highway 61 Revisited,44,1965,327466,Bob Dylan
256,256,Re-education: Bob Dylan,Highway 61 Revisited,Highway 61 Revisited,42,1965,205826,Bob Dylan
257,257,Re-education: Bob Dylan,Girl from the North Country,The Freewheelin' Bob Dylan,50,1963,199573,Bob Dylan
258,258,Re-education: Bob Dylan,"Don't Think Twice, It's All Right",The Freewheelin' Bob Dylan,65,1963,217400,Bob Dylan
259,259,Re-education: Bob Dylan,Blowin' in the Wind,The Freewheelin' Bob Dylan,67,1963,165426,Bob Dylan
260,260,Re-education: Bob Dylan,To Be Alone with You,Nashville Skyline,46,1969,127600,Bob Dylan
261,261,Re-education: Bob Dylan,Tonight I'll Be Staying Here with You,Nashville Skyline,51,1969,201133,Bob Dylan
262,262,Re-education: Bob Dylan,The Lonesome Death of Hattie Carroll,The Times They Are A-Changin',37,1964,345133,Bob Dylan
263,263,Re-education: Bob Dylan,The Times They Are A-Changin',The Times They Are A-Changin',66,1964,192053,Bob Dylan
264,264,Re-education: Bob Dylan,Black Crow Blues,Another Side Of Bob Dylan,28,1964,194706,Bob Dylan
265,265,Re-education: Bob Dylan,Ballad in Plain D,Another Side Of Bob Dylan,27,1964,497160,Bob Dylan
266,266,Re-education: Bob Dylan,I Shall Be Free No. 10,Another Side Of Bob Dylan,26,1964,288333,Bob Dylan
267,267,Re-education: Bob Dylan,She Belongs to Me,Bringing It All Back Home,47,1965,166706,Bob Dylan
268,268,Re-education: Bob Dylan,One Too Many Mornings,The Times They Are A-Changin',41,1964,157933,Bob Dylan
269,269,Re-education: Bob Dylan,Only a Pawn in Their Game,The Times They Are A-Changin',35,1964,209160,Bob Dylan
270,270,Re-education: Bob Dylan,Restless Farewell,The Times They Are A-Changin',31,1964,332706,Bob Dylan
271,271,Re-education: Bob Dylan,Make You Feel My Love,Time Out Of Mind,53,1997,211000,Bob Dylan
272,272,fearless,You Belong With Me (Taylor’s Version),Fearless (Taylor's Version),79,2021,231124,Taylor Swift
273,273,fearless,Breathe (feat. Colbie Caillat) (Taylor’s Version),Fearless (Taylor's Version),63,2021,263377,Colbie Caillat
274,274,fearless,Tell Me Why (Taylor’s Version),Fearless (Taylor's Version),62,2021,200575,Taylor Swift
275,275,fearless,You’re Not Sorry (Taylor’s Version),Fearless (Taylor's Version),64,2021,261842,Taylor Swift
276,276,fearless,The Way I Loved You (Taylor’s Version),Fearless (Taylor's Version),80,2021,243136,Taylor Swift
277,277,fearless,Forever & Always (Taylor’s Version),Fearless (Taylor's Version),68,2021,225328,Taylor Swift
278,278,fearless,The Best Day (Taylor’s Version),Fearless (Taylor's Version),61,2021,245290,Taylor Swift
279,279,fearless,Change (Taylor’s Version),Fearless (Taylor's Version),60,2021,279359,Taylor Swift
280,280,fearless,Jump Then Fall (Taylor’s Version),Fearless (Taylor's Version),62,2021,237580,Taylor Swift
281,281,fearless,Untouchable (Taylor’s Version),Fearless (Taylor's Version),62,2021,312107,Taylor Swift
282,282,fearless,Forever & Always (Piano Version) (Taylor’s Version),Fearless (Taylor's Version),62,2021,267833,Taylor Swift
283,283,fearless,Come In With The Rain (Taylor’s Version),Fearless (Taylor's Version),59,2021,237338,Taylor Swift
284,284,fearless,Superstar (Taylor’s Version),Fearless (Taylor's Version),59,2021,263865,Taylor Swift
285,285,fearless,The Other Side Of The Door (Taylor’s Version),Fearless (Taylor's Version),64,2021,238443,Taylor Swift
286,286,fearless,Today Was A Fairytale (Taylor’s Version),Fearless (Taylor's Version),62,2021,241822,Taylor Swift
287,287,fearless,You All Over Me (feat. Maren Morris) (Taylor’s Version) (From The Vault),Fearless (Taylor's Version),60,2021,220839,Maren Morris
288,288,fearless,Mr. Perfectly Fine (Taylor’s Version) (From The Vault),Fearless (Taylor's Version),70,2021,277591,Taylor Swift
289,289,fearless,We Were Happy (Taylor’s Version) (From The Vault),Fearless (Taylor's Version),62,2021,244236,Taylor Swift
290,290,fearless,That’s When (feat. Keith Urban) (Taylor’s Version) (From The Vault),Fearless (Taylor's Version),64,2021,189495,Keith Urban
291,291,fearless,Don’t You (Taylor’s Version) (From The Vault),Fearless (Taylor's Version),63,2021,208608,Taylor Swift
292,292,fearless,Bye Bye Baby (Taylor’s Version) (From The Vault),Fearless (Taylor's Version),61,2021,242157,Taylor Swift
293,293,fearless,Mr. Perfectly Fine (Taylor’s Version) (From The Vault),Mr. Perfectly Fine (Taylor’s Version) (From The Vault),71,2021,277591,Taylor Swift
294,294,fearless,You All Over Me (feat. Maren Morris) (Taylor’s Version) (From The Vault),You All Over Me (feat. Maren Morris) (Taylor’s Version) (From The Vault),59,2021,220839,Maren Morris
295,295,Música do antigamente,Preparen Candela,Perlas Cubanas: Los Compadres,5,2015,175832,Los Compadres
296,296,Música do antigamente,Dale palo,"Carribean Merengues (1950 - 1960), Vol. 2",0,2011,168600,Luis Quintero y su Conjunto Cibaeno
297,297,Lina's spanish songs,Tu Amor Me Hace Bien - Salsa Version,Valio La Pena,70,2004,300160,Marc Anthony
298,298,Lina's spanish songs,Volverte A Ver,Mi Sangre,68,2004,217560,Juanes
299,299,Lina's spanish songs,El amor,El amor,40,2009,247626,"Tito ""El Bambino"""
300,300,Lina's spanish songs,Yo No Sé Mañana,Ciclos,74,2009,259853,Luis Enrique
301,301,Lina's spanish songs,Noviembre Sin Ti,Reik,72,2005,203226,Reik
302,302,Lina's spanish songs,La Botella,Desde Abajo,69,2005,177293,Mach & Daddy
303,303,Lina's spanish songs,Causa Y Efecto,Gran City Pop (Edited Version),58,2009,205866,Paulina Rubio
304,304,Lina's spanish songs,Mariposa Traicionera,Six Pack: Maná - EP,60,2010,264599,Maná
305,305,Lina's spanish songs,Me Enamora,La Vida Es Un Ratico,66,2007,192613,Juanes
306,306,Lina's spanish songs,Ahora Quien - Salsa Version,Valio La Pena,63,2004,309586,Marc Anthony
307,307,Lina's spanish songs,Labios Compartidos,Amar es Combatir,51,2006,317626,Maná
308,308,Lina's spanish songs,A Dios Le Pido,Un Día Normal,70,2002,205373,Juanes
309,309,Lina's spanish songs,Me Enamoré de Ti,No Hay Imposibles,64,2010,263666,Chayanne
310,310,Lina's spanish songs,Andar Conmigo,Si,71,2003,193373,Julieta Venegas
311,311,Lina's spanish songs,Abrázame,Todo Cambio,63,2006,230720,Camila
312,312,Lina's spanish songs,Suelta Mi Mano,Mañana,66,2005,240306,Sin Bandera
313,313,Lina's spanish songs,Que Lloro,De Viaje,71,2003,240613,Sin Bandera
314,314,Lina's spanish songs,Volví a Nacer,Corazón Profundo (Versión Deluxe),66,2013,222213,Carlos Vives
315,315,Lina's spanish songs,Volverte A Ver,Mi Sangre 2005 Tour Edition,44,2005,217546,Juanes
316,316,Lina's spanish songs,Yo No Soy Esa Mujer,Paulina,64,2000,224640,Paulina Rubio
317,317,Lina's spanish songs,Vida de Rico,Vida de Rico,69,2020,187426,Camilo
318,318,Lina's spanish songs,Si Tu Novio Te Deja Sola,Si Tu Novio Te Deja Sola,75,2017,243560,Bad Bunny
319,319,Lina's spanish songs,Ojala Que Llueva Café,Panete Salsa: Le Meilleur de la Musique Latine,43,2012,255666,Juan Luis Guerra 4.40
320,320,Lina's spanish songs,A Puro Dolor - Balada,Son By 4,69,2000,210186,Son By Four
321,321,Lina's spanish songs,Atrévete-Te-Te,Calle 13 (Explicit Version),74,2005,239306,Calle 13
322,322,Lina's spanish songs,Alma Mia,Alma Mia(Versiones Vol.1),18,2009,181586,Pedro Guerra
323,323,Lina's spanish songs,Alma Mía (feat. Los Macorinos),"Musas (Un Homenaje al Folclore Latinoamericano en Manos de Los Macorinos), Vol. 2",52,2018,259586,Los Macorinos
324,324,Lina's spanish songs,Soledad y el Mar (feat. Los Macorinos),"Musas (Un Homenaje al Folclore Latinoamericano en Manos de Los Macorinos, Vol. 1)",68,2017,214546,Los Macorinos
325,325,Lina's spanish songs,El Instante Pasó,8,47,2015,261888,Caramelos De Cianuro
326,326,Lina's spanish songs,Amor Chiquito,3 Semanas 4 Días,38,2006,214386,Tecupae
327,327,Lina's spanish songs,No Me Caigo Bien,Bálsamo,38,2017,93226,Caloncho
328,328,Lina's spanish songs,Palmar,Fruta (Vol. II),60,2015,193626,Caloncho
329,329,Lina's spanish songs,Es Por Ti,Un Día Normal,76,2002,250693,Juanes
330,330,Lina's spanish songs,Amor del Bueno,Reyli En La Luna,74,2004,242026,Reyli Barba
331,331,Lina's spanish songs,Te Mando Flores,Corazón,71,2005,228680,Fonseca
332,332,Lina's spanish songs,Hypotheticals,Obviously,58,2021,230178,Lake Street Dive
333,333,Lina's spanish songs,Llorarás,Una Dimensión De Éxitos,73,1996,228554,Dimension Latina
334,334,Lina's spanish songs,Dulcito e Coco - Recorded at Spotify Studios NYC,Spotify Singles,54,2018,182373,Vicente Garcia
335,335,Lina's spanish songs,Rosas,París,66,2004,237026,La Oreja de Van Gogh
336,336,lil's recs,Like I Want You,TAKE TIME,77,2020,260776,Giveon
337,337,lil's recs,Leave The Door Open,An Evening With Silk Sonic,83,2021,242096,Silk Sonic
338,338,lil's recs,Kiss Me More (feat. SZA),Kiss Me More (feat. SZA),80,2021,208866,SZA
339,339,lil's recs,Ya Ya Ya,OBSESSION,46,2019,222040,EXO
340,340,lil's recs,Your Dog Loves You (Feat. Crush),Your Dog Loves You,58,2018,270003,Crush
341,341,lil's recs,Bambi,Bambi - The 3rd Mini Album,65,2021,213053,BAEKHYUN
342,342,lil's recs,All I Got,Bambi - The 3rd Mini Album,52,2021,240360,BAEKHYUN
343,343,right now,Mmmh,KAI - The 1st Mini Album,69,2020,192346,KAI
344,344,right now,Amnesia,KAI - The 1st Mini Album,57,2020,178920,KAI
345,345,right now,SUPERBLOOM,SUPERBLOOM,67,2020,213546,MisterWives
346,346,right now,Let's Fall in Love for the Night,Blood Harmony,72,2019,190348,FINNEAS
347,347,right now,Light On,Heard It In A Past Life,66,2019,233880,Maggie Rogers
348,348,right now,Vida de Rico,Vida de Rico,69,2020,187426,Camilo
349,349,right now,Share Your Address,Sing To Me Instead,54,2019,182466,Ben Platt
350,350,right now,Reason,KAI - The 1st Mini Album,56,2020,173906,KAI
351,351,right now,Hello Stranger,KAI - The 1st Mini Album,52,2020,168253,KAI
352,352,right now,off the table (with The Weeknd),Positions,65,2020,239949,The Weeknd
353,353,right now,six thirty,Positions,59,2020,183874,Ariana Grande
354,354,road to atl,Golden Hour,Golden Hour,64,2018,198453,Kacey Musgraves
355,355,road to atl,Treat People With Kindness,Fine Line,71,2019,197346,Harry Styles
356,356,road to atl,First Began,Gumbo,48,2017,233056,PJ Morton
357,357,road to atl,Have It Your Way,Have It Your Way,38,2019,265070,Nina Soro
358,358,road to atl,Hocus Pocus,Year One,39,2018,218363,Clark Beckham
359,359,road to atl,If You Were the Rain,Undergrad Romance and the Moses in Me,54,2016,220588,Stephen Day
360,360,road to atl,You Keep Me Waiting,FEELS,45,2017,267933,VIC MENSA
361,361,road to atl,Beyond,Good Thing,71,2018,240600,Leon Bridges
362,362,road to atl,Power On,Assume Form,35,2019,246400,James Blake
363,363,road to atl,Are You In Love?,Assume Form,40,2019,197600,James Blake
364,364,road to atl,Girls Love Beyoncé (feat. James Fauntleroy),Care Package,60,2019,225011,James Fauntleroy
365,365,road to atl,All I Ask,25,74,2015,271800,Adele
366,366,road to atl,Ooh Child,Ooh Child,29,2017,163844,MILCK
367,367,road to atl,Find Someone Like You,"- Ugh, those feels again",58,2019,206465,Snoh Aalegra
368,368,road to atl,None For You,Renaissance,36,2020,212690,Lola Young
369,369,road to atl,God Morning,Handle With Care,37,2020,203093,Natalie Lauren
370,370,road to atl,Super Human,Handle With Care,23,2020,130883,Natalie Lauren
371,371,road to atl,Still In Love - Acoustic,Cold Heart,49,2018,231533,Eryn Allen Kane
372,372,road to atl,Birds,Birds,49,2020,218848,Anna Golden
373,373,road to atl,This Will Be Our Year,Odessey and Oracle,54,1968,127733,The Zombies
374,374,road to atl,Go Thru Your Phone - Live,Gumbo Unplugged (Live),30,2018,268131,PJ Morton
375,375,road to atl,Wildflowers,Wildflowers,67,1994,190320,Tom Petty
376,376,road to atl,Where Do You Go,Where Do You Go,44,2019,237493,Yebba
377,377,road to atl,Love Me Less (feat. Quinn XCII),Love Me Less (feat. Quinn XCII),63,2019,177669,Quinn XCII
378,378,road to atl,Dear Beloved,To All My Friends and Family,1,2018,246932,David Lunsford
379,379,road to atl,Sunny Days,Building Balance,40,2019,190689,Allen Stone
380,380,road to atl,Safaera,YHLQMDLG,79,2020,295176,Ñengo Flow
381,381,road to atl,A Soft Place to Land,Waitress (Original Broadway Cast Recording),45,2016,177133,Kimiko Glenn
382,382,road to atl,I Want Crazy - Encore,Hunter Hayes (Encore),47,2011,236865,Hunter Hayes
383,383,road to atl,This Will Be (An Everlasting Love) - 2003 Remaster,Natalie Cole Anthology,59,2003,171360,Natalie Cole
384,384,road to atl,Neon Moon,#1s ... and then some,71,2009,263760,Brooks & Dunn
385,385,road to atl,Red Dirt Road,Red Dirt Road,66,2003,260360,Brooks & Dunn
386,386,road to atl,Our Song,Taylor Swift (Big Machine Radio Release Special),61,2006,203440,Taylor Swift
387,387,road to atl,Build It Better,Build It Better,50,2015,234473,Aron Wright
388,388,road to atl,Wanted,Hunter Hayes (Encore),54,2011,228840,Hunter Hayes
389,389,road to atl,Carrying Your Love With Me,Carrying Your Love With Me,68,1997,232426,George Strait
390,390,road to atl,May I Have This Dance (Remix) [feat. Chance the Rapper],May I Have This Dance (Remix) [feat. Chance the Rapper],53,2017,195356,Chance the Rapper
391,391,road to atl,All The Time,Bahamas Is Afie,60,2014,234973,Bahamas
392,392,road to atl,Look What God Gave Her,Center Point Road,70,2019,168960,Thomas Rhett
393,393,road to atl,Boyfriend,BTR,60,2011,201040,Big Time Rush
394,394,road to atl,Make Out With Me,GIRL,48,2019,136546,Maren Morris
395,395,road to atl,Are You Even Real?,Are You Even Real?,51,2020,231807,James Blake
396,396,road to atl,Can't Believe The Way We Flow,Assume Form,37,2019,267200,James Blake
397,397,road to atl,(No One Knows Me) Like the Piano,Process (Bonus Edition),56,2017,218160,Sampha
398,398,road to atl,Crush,David Archuleta,67,2008,213520,David Archuleta
399,399,road to atl,Sexy Can I,Total Club Hits Vol. 2,0,2009,182720,Yung Berg
400,400,road to atl,Not Over You,Sweeter,67,2011,218520,Gavin DeGraw
401,401,road to atl,Super Bass,Pink Friday (Complete Edition),78,2010,200013,Nicki Minaj
402,402,road to atl,Leavin',Departure - Recharged,62,2008,216880,Jesse McCartney
403,403,road to atl,Lover,Lover,84,2019,221306,Taylor Swift
404,404,Apt. 435,Ooh Child,Ooh Child,29,2017,163844,MILCK
405,405,Apt. 435,Birds,Birds,49,2020,218848,Anna Golden
406,406,Apt. 435,I Shall Cross This River,Reverence for Fallen Trees,36,2009,208982,The Black Atlantic
407,407,Apt. 435,LET'S STAY HOME TONIGHT,H A R D L O V E,55,2016,200120,NEEDTOBREATHE
408,408,Apt. 435,Time,Promised Land,44,2015,347853,John Lucas
409,409,Apt. 435,Bridges,Moonlight,45,2019,216315,Johnnyswim
410,410,Apt. 435,Promises (feat. Joe L Barnes),"Maverick City Music, Vol. 3: Pt. 1",67,2020,646239,Joe L Barnes
411,411,Apt. 435,Man of Your Word (feat. Chandler Moore & KJ Scriven),"Maverick City Music, Vol. 3: Pt. 1",56,2020,542193,KJ Scriven
412,412,march to aug '20,Say What You Want (I Like Who I Am),Say What You Want (I Like Who I Am),10,2020,180066,Josiah
413,413,march to aug '20,Rich,Before The Sun Goes Down,11,2018,177400,The New Respects
414,414,march to aug '20,Only 1,My Everything (Deluxe),55,2014,193986,Ariana Grande
415,415,march to aug '20,LET'S STAY HOME TONIGHT,H A R D L O V E,55,2016,200120,NEEDTOBREATHE
416,416,march to aug '20,Christ The Lord Is with Me (with Amanda Lindsey Cook & Wonder Grace Gretzinger),Forever Amen,47,2020,266826,Wonder Grace Gretzinger
417,417,march to aug '20,No One Ever Cared for Me Like Jesus,Forever Amen,55,2020,293440,Steffany Gretzinger
418,418,march to aug '20,Let's Get Married,Gone Now,55,2017,186053,Bleachers
419,419,disney!!!!!!!!!!!!!,"Can You Feel the Love Tonight - From ""The Lion King"" / Soundtrack Version",The Lion King,61,1994,177786,Kristle Edwards
420,420,disney!!!!!!!!!!!!!,"The Bare Necessities - From ""The Jungle Book""/Soundtrack Version",Disney's Greatest Volume 2,43,2001,291693,Bruce Reitherman
421,421,disney!!!!!!!!!!!!!,I Wan'na Be Like You (The Monkey Song),The Jungle Book,56,1997,279453,Bruce Reitherman
422,422,disney!!!!!!!!!!!!!,Baloo's Blues,The Jungle Book,27,1997,182933,Phil Harris
423,423,disney!!!!!!!!!!!!!,Part of Your World,The Little Mermaid: Original Broadway Cast Recording,50,2008,204573,Sierra Boggess as Ariel
424,424,disney!!!!!!!!!!!!!,"Part of Your World (from ""The Little Mermaid"") - From ""The Little Mermaid"" / Soundtrack Version",The Little Mermaid Greatest Hits,41,2013,193533,Disney
425,425,disney!!!!!!!!!!!!!,"Kiss the Girl - From ""The Little Mermaid""/ Soundtrack Version",Disney's Greatest Volume 1,46,2001,163666,Disney
426,426,disney!!!!!!!!!!!!!,"You'll Be In My Heart - From ""Tarzan""/Soundtrack Version",Disney Summer Songs,70,2021,258133,Phil Collins
427,427,disney!!!!!!!!!!!!!,"Strangers Like Me - From ""Tarzan""/Soundtrack Version",Disney Summer Songs,63,2021,179586,Phil Collins
428,428,disney!!!!!!!!!!!!!,"I Just Can't Wait to Be King - From ""The Lion King""/Soundtrack Version",The Lion King,70,1994,170880,Laura Williams
429,429,disney!!!!!!!!!!!!!,"Hakuna Matata - From ""The Lion King""/Soundtrack",The Lion King,71,1994,213600,Joseph Williams
430,430,disney!!!!!!!!!!!!!,"A Dream Is a Wish Your Heart Makes - From ""Cinderella""/Soundtrack Version",Disney's Greatest Volume 2,46,2001,276306,Cinderella's Mice Chorus
431,431,disney!!!!!!!!!!!!!,"So This Is Love - From ""Cinderella""",Disney Princess: The Ultimate Song Collection,54,2004,92600,Mike Douglas
432,432,disney!!!!!!!!!!!!!,"A Spoonful of Sugar - From ""Mary Poppins"" / Soundtrack Version",Mary Poppins,54,1997,249040,Julie Andrews
433,433,disney!!!!!!!!!!!!!,"Supercalifragilisticexpialidocious - From ""Mary Poppins""/Soundtrack Version",Mary Poppins,47,1997,123026,The Pearlie Chorus
434,434,disney!!!!!!!!!!!!!,"You Can Fly! You Can Fly! You Can Fly! - From ""Peter Pan""/Soundtrack Version",Disney's Greatest Volume 1,34,2001,265413,The Jud Conlon Chorus
435,435,disney!!!!!!!!!!!!!,He Mele No Lilo,Lilo & Stitch,64,2002,148133,Kamehameha Schools Children's Chorus
436,436,disney!!!!!!!!!!!!!,"Poor Unfortunate Souls - From ""The Little Mermaid"" / Soundtrack Version",Disney's Greatest Vol. 3,31,2002,291133,Disney
437,437,disney!!!!!!!!!!!!!,"For the First Time in Forever - From ""Frozen""/Soundtrack Version",Frozen (Original Motion Picture Soundtrack / Deluxe Edition),68,2013,225080,Idina Menzel
438,438,disney!!!!!!!!!!!!!,"Do You Want to Build a Snowman? - From ""Frozen""/Soundtrack Version",Frozen (Original Motion Picture Soundtrack / Deluxe Edition),69,2013,206506,Katie Lopez
439,439,disney!!!!!!!!!!!!!,"Love Is an Open Door - From ""Frozen""/Soundtrack Version",Frozen (Original Motion Picture Soundtrack / Deluxe Edition),69,2013,124733,Santino Fontana
440,440,disney!!!!!!!!!!!!!,"I See the Light - From ""Tangled"" / Soundtrack Version",Tangled,68,2010,224240,Zachary Levi
441,441,disney!!!!!!!!!!!!!,"That's How You Know - From ""Enchanted""/Soundtrack Version",Enchanted,64,2007,228960,Amy Adams
442,442,disney!!!!!!!!!!!!!,"True Love's Kiss - From ""Enchanted""/ Soundtrack Version",Enchanted,47,2007,192853,James Marsden
443,443,disney!!!!!!!!!!!!!,"Shiny - From ""Moana""/Soundtrack Version",Disney Summer Songs,51,2021,185466,Jemaine Clement
444,444,disney!!!!!!!!!!!!!,"You're Welcome - From ""Moana""/Soundtrack Version",Disney Summer Songs,64,2021,164866,Dwayne Johnson
445,445,disney!!!!!!!!!!!!!,Zero To Hero,Hercules (Original Motion Picture Soundtrack),64,1997,140573,Disney
446,446,disney!!!!!!!!!!!!!,A Girl Worth Fighting For,Mulan (Original Soundtrack),62,1998,146053,Disney
447,447,disney!!!!!!!!!!!!!,"You've Got a Friend in Me - From ""Toy Story""/Soundtrack Version",Toy Story,69,1995,124160,Randy Newman
448,448,disney!!!!!!!!!!!!!,Ev'rybody Wants to Be a Cat,Songs From The Aristocats,50,1996,123000,Liz English
449,449,disney!!!!!!!!!!!!!,"""Ten Minutes Ago""",Rodgers + Hammerstein's Cinderella (Original Broadway Cast Recording),40,2013,172506,Laura Osnes
450,450,disney!!!!!!!!!!!!!,"Circle of Life - From ""The Lion King""/ Soundtrack",The Lion King,65,1994,239146,Lebo M.
451,451,disney!!!!!!!!!!!!!,Go the Distance,Hercules (Original Motion Picture Soundtrack),64,1997,194160,Disney
452,452,disney!!!!!!!!!!!!!,Under the Sea,The Little Mermaid Special Edition,68,2006,195146,Disney
453,453,disney!!!!!!!!!!!!!,"Colors of the Wind - From ""Pocahontas"" / Soundtrack Version",Pocahontas,63,1995,214400,Judy Kuhn
454,454,disney!!!!!!!!!!!!!,"Happy Working Song - From ""Enchanted"" / Soundtrack Version",Enchanted,58,2007,129613,Amy Adams
455,455,disney!!!!!!!!!!!!!,The Gospel Truth I / Main Titles - Hercules,Hercules (Original Motion Picture Soundtrack),59,1997,145640,Disney
456,456,disney!!!!!!!!!!!!!,Honor To Us All,Mulan (Original Soundtrack),59,1998,183200,Disney
457,457,disney!!!!!!!!!!!!!,Your Crowning Glory,The Princess Diaries 2: Royal Engagement,42,2004,162546,Raven-Symoné
458,458,disney!!!!!!!!!!!!!,"Some Day My Prince Will Come - From ""Snow White and the Seven Dwarfs"" / Soundtrack Version",Disney Princess: The Ultimate Song Collection,41,2004,114253,Adriana Caselotti
459,459,disney!!!!!!!!!!!!!,"Once Upon a Dream - From ""Sleeping Beauty"" / Soundtrack Version",Disney's Greatest Volume 1,47,2001,167013,Chorus - Sleeping Beauty
460,460,disney!!!!!!!!!!!!!,"On My Way - From ""Brother Bear""/Soundtrack Version",Brother Bear,59,2003,220293,Phil Collins
461,461,disney!!!!!!!!!!!!!,Hawaiian Roller Coaster Ride,Lilo & Stitch,66,2002,208226,Kamehameha Schools Children's Chorus
462,462,disney!!!!!!!!!!!!!,"Almost There - From ""The Princess and the Frog"" / Soundtrack Version",The Princess and the Frog: Tiana and Her Princess Friends,64,2009,144826,Anika Noni Rose
463,463,disney!!!!!!!!!!!!!,"Belle - From ""Beauty and the Beast""/Soundtrack Version",Beauty and the Beast,54,1991,309133,Disney
464,464,disney!!!!!!!!!!!!!,"Be Our Guest - From ""Beauty and the Beast""/Soundtrack",Beauty and the Beast,58,1991,224733,Disney
465,465,disney!!!!!!!!!!!!!,"In Summer - From ""Frozen""/Soundtrack Version",Frozen (Original Motion Picture Soundtrack / Deluxe Edition),61,2013,110986,Josh Gad
466,466,disney!!!!!!!!!!!!!,"Fixer Upper - From ""Frozen""/Soundtrack Version",Frozen (Original Motion Picture Soundtrack / Deluxe Edition),59,2013,182106,Cast - Frozen
467,467,disney!!!!!!!!!!!!!,Thomas O'Malley Cat,Songs From The Aristocats,46,1996,157906,Phil Harris
468,468,disney!!!!!!!!!!!!!,I Am Vaiana (Song of the Ancestors),Vaiana (English Version/Original Motion Picture Soundtrack/Deluxe Edition),44,2016,162825,Auli'i Cravalho
469,469,feb '20,High Fashion (feat. Mustard),Please Excuse Me for Being Antisocial,72,2019,220486,Mustard
470,470,feb '20,Annemarie,Santa Barbara Soul Music,31,2019,238236,Will Breman
471,471,feb '20,Addicted,Addicted,15,2019,243761,Stacy Capers
472,472,feb '20,Something Something,Something Something,17,2020,161532,Natalie Lauren
473,473,feb '20,Consider Me,Building Balance,48,2019,184952,Allen Stone
474,474,feb '20,IVORY,IVORY,29,2019,229471,Tobe Nwigwe
475,475,feb '20,Lay it Down,Building Balance,28,2019,176522,Allen Stone
476,476,feb '20,What Have I Done,Without Fear,54,2019,217081,Dermot Kennedy
477,477,feb '20,The Corner,Without Fear,43,2019,201326,Dermot Kennedy
478,478,feb '20,Girl - Acoustic,Girl,59,2018,211881,SYML
479,479,feb '20,You Bring Me Joy,You Bring Me Joy,21,2019,148148,The Guest and the Host
480,480,feb '20,Mama,Mama,34,2019,162506,Yam Haus
481,481,feb '20,Aren’t You Lovely,Aren’t You Lovely,30,2018,208666,Evann McIntosh
482,482,feb '20,Daydream,Foreword,38,2013,240532,Tori Kelly
483,483,feb '20,No Judgement,No Judgement,55,2020,176283,Niall Horan
484,484,feb '20,Ohio,Live for Home,37,2019,233980,The Hussey Brothers
485,485,that new new country,With You I Am,Gotta Be Me,66,2016,220893,Cody Johnson
486,486,that new new country,Nothin' on You,Ain't Nothin' to It,63,2019,260466,Cody Johnson
487,487,that new new country,On My Way to You,Ain't Nothin' to It,64,2019,213306,Cody Johnson
488,488,that new new country,Good as You,Experiment Extended,65,2019,192053,Kane Brown
489,489,that new new country,Beer Can’t Fix,Center Point Road,67,2019,209733,Jon Pardi
490,490,that new new country,One Man Band,Old Dominion,73,2019,186240,Old Dominion
491,491,that new new country,Look What God Gave Her,Center Point Road,70,2019,168960,Thomas Rhett
492,492,that new new country,Marry Me,Life Changes (Big Machine Radio Release Special),50,2017,206226,Thomas Rhett
493,493,that new new country,Golden Hour,Golden Hour,64,2018,198453,Kacey Musgraves
494,494,that new new country,Make Out With Me,GIRL,48,2019,136546,Maren Morris
495,495,that new new country,GIRL,GIRL,58,2019,250653,Maren Morris
496,496,that new new country,To Hell & Back,GIRL,58,2019,195586,Maren Morris
497,497,that new new country,Blessed,Center Point Road,57,2019,214173,Thomas Rhett
498,498,that new new country,Made For You,Greetings From...Jake,68,2019,238400,Jake Owen
499,499,that new new country,Neon Moon - with Kacey Musgraves,Reboot,65,2019,278200,Kacey Musgraves
500,500,that new new country,Don't Let Her,Don't Let Her,55,2019,193753,Walker Hayes
501,501,that new new country,Prayed For You,Everywhere But On,62,2019,210373,Matt Stell
502,502,that new new country,She's Like Texas,She's Like Texas,55,2010,235253,Josh Abbott Band
503,503,when you realize you’re both in love,golden thing,golden thing,57,2019,219300,Cody Simpson
504,504,when you realize you’re both in love,IVORY,IVORY,29,2019,229471,Tobe Nwigwe
505,505,when you realize you’re both in love,Find Someone Like You,"- Ugh, those feels again",58,2019,206465,Snoh Aalegra
506,506,when you realize you’re both in love,Are You Even Real?,Are You Even Real?,51,2020,231807,James Blake
507,507,jan '20,Adiza,Adiza,28,2019,190654,Adekunle Gold
508,508,jan '20,Fear of Failure,Fear of Failure,11,2019,222960,Sea Wolf
509,509,jan '20,Treat People With Kindness,Fine Line,71,2019,197346,Harry Styles
510,510,jan '20,"Water, Fall","Water, Fall",37,2019,257720,OLY
511,511,jan '20,Have It Your Way,Have It Your Way,38,2019,265070,Nina Soro
512,512,jan '20,Praying for a Little Rain,Praying for a Little Rain,36,2019,248010,Champagne Lane
513,513,jan '20,Run Away With Me (Live),The Radio in My Head: Live at 54 Below,33,2013,209146,Aaron Tveit
514,514,jan '20,Honeybee,Living Mirage,65,2019,196055,The Head And The Heart
515,515,jan '20,Yummy,Yummy,68,2020,210426,Justin Bieber
516,516,jan '20,Watermelon Sugar,Fine Line,88,2019,174000,Harry Styles
517,517,jan '20,You Belong With Me,Fearless (Big Machine Radio Release Special),75,2008,232120,Taylor Swift
518,518,summer2019,Prayed For You,Everywhere But On,62,2019,210373,Matt Stell
519,519,summer2019,Alma Mía (feat. Los Macorinos),"Musas (Un Homenaje al Folclore Latinoamericano en Manos de Los Macorinos), Vol. 2",52,2018,259586,Los Macorinos
520,520,summer2019,(No One Knows Me) Like the Piano,Process (Bonus Edition),56,2017,218160,Sampha
521,521,summer2019,Look What God Gave Her,Center Point Road,70,2019,168960,Thomas Rhett
522,522,summer2019,Trust,Happiness Begins,42,2019,180600,Jonas Brothers
523,523,summer2019,Love Her,Happiness Begins,56,2019,193133,Jonas Brothers
524,524,summer2019,Mess,Busyhead,65,2019,213320,Noah Kahan
525,525,summer2019,DOLLAR,DOLLAR,56,2019,203486,Myke Towers
526,526,summer2019,Chunky,24K Magic,69,2016,186973,Bruno Mars
527,527,summer2019,Jesus in LA,These Two Windows,65,2020,171539,Alec Benjamin
528,528,summer2019,Cariño Mío,Cariño Mío,43,2019,197106,Mau y Ricky
529,529,Angola 70's,Imbua I Boza,N´gola Binga Cuá Zambi,1,1970,156640,Sofia Rosa
530,530,Angola 70's,Kía lumingo,Soul of Angola: Anthologie De La Musique Angolaise 1965 - 1975,5,2001,205653,Urbano de Castro
531,531,Angola 70's,Mona Ku Jimbe Manheno,40 Anos a Cantar Angola,1,2016,218200,David Zé
532,532,Angola 70's,Kisua Ki Ngui Fua,Reviver Vol.1,6,1998,206133,Artur Nunes
533,533,Angola 70's,Gajageira,Mulundo,2,2011,255773,Legalize
534,534,Angola 70's,Mama Ku Dilé,Angola Anos D´ouro Reviver,1,1980,180066,David Zé
535,535,Angola 70's,Rebita,Angola Maravilha,11,1997,402991,Banda Maravilha
536,536,Angola 70's,Kadika Zeka,Angola Anos D´ouro Reviver,1,1980,177853,David Zé
537,537,Angola 70's,Mana,Soul of Angola: Anthologie De La Musique Angolaise 1965 - 1975,9,2001,202333,Artur Nunes
538,538,Angola 70's,Kamba Ba Laumba,Soul of Angola: Anthologie De La Musique Angolaise 1965 - 1975,7,2001,235226,António Paulino
539,539,Angola 70's,Guerrilheiro do Musseke,Proibido Ouvir Isso,0,2011,282200,MCK
540,540,Angola 70's,Tia,Soul of Angola: Anthologie De La Musique Angolaise 1965 - 1975,13,2001,227960,Artur Nunes
541,541,Angola 70's,Dioguito,Estou de Volta,15,2013,256372,Bangão
542,542,Angola 70's,Malananza,Música de Angola e Meregues,3,2014,145626,David Zé
543,543,Angola 70's,Kapuete. Paulo Garcia,Volume 1,8,2010,294813,Calor Tropical
544,544,Angola 70's,Kalumba,N´gola Binga Cuá Zambi,2,1970,182640,Sofia Rosa
545,545,Angola 70's,Comboio,Angola Soundtrack: The Unique Sound of Luanda: 1968-1976 (Analog Africa No. 9),14,2010,213560,Os Kiezos
546,546,Angola 70's,Chofer de Praça,Soul of Angola: Anthologie De La Musique Angolaise 1965 - 1975,12,2001,211933,Luiz Visconde
547,547,Angola 70's,Ela É Boa,Picante Vol. 4,11,2011,315146,DJ Dias Rodrigues
548,548,Angola 70's,Esse Teu Jeito,Guilherme Silva,4,2015,258306,Guilherme Silva
549,549,Angola 70's,Kananga de Amor,Kandongueiro Voador,17,2017,262000,Paulo Flores
550,550,Angola 70's,Coisas da Terra,Best Of,27,2016,414000,Paulo Flores
551,551,Angola 70's,Merengue de S. António,Música de Angola e Meregues,10,2014,151706,David Zé
552,552,Angola 70's,Dilangue,Rebita (Analog Africa Dance Edition No. 4),3,2013,218320,Urbano de Castro
553,553,Angola 70's,Lale Os Jovens do Prenda,Música de Angola e Meregues,3,2014,220626,António Paulino
554,554,Angola 70's,Maria do Castelo,Maria do Castelo,29,2017,263732,Livongh
555,555,Angola 70's,Beijo Rainha,Por Amor,36,2016,238773,Matias Damásio
556,556,Angola 70's,Maria Dia Pambala,N´gola Binga Cuá Zambi,1,1970,314640,Sofia Rosa
557,557,Angola 70's,Matutar Na Cachimónia,Best Of,15,2016,246000,Bonga
558,558,Angola 70's,Quando Fui a Benguela,Quando Fui a Benguela (Série Sodad - Vol. 5),7,2015,209133,Africa Tentaçao
559,559,Angola 70's,Canto de Rua,Best Of,5,2016,288000,Paulo Flores
560,560,Angola 70's,N'Zambi,Soul of Angola: Anthologie De La Musique Angolaise 1965 - 1975,7,2001,203053,Oscar Neves
561,561,Angola 70's,Kandengue Atrevido,Kandengue Atrevido,19,2013,255294,Paulo Flores
562,562,Angola 70's,Cusas Di Coraçon,Intelectual,19,2001,362560,Ildo Lobo
563,563,Angola 70's,Povo que lavas no rio,Asas fechadas,30,1962,302826,Amália Rodrigues
564,564,Angola 70's,Kalumba,N´gola Binga Cuá Zambi,2,1970,182640,Sofia Rosa
565,565,Angola 70's,Mama Ku Dilé,Angola Anos D´ouro Reviver,1,1980,180066,David Zé
566,566,Angola 70's,Gaivotas em terra,Minha alma de amor sedenta,2,1972,192080,António dos Santos
567,567,Angola 70's,Nha Segredo,Intelectual,10,2001,334800,Ildo Lobo
568,568,Angola 70's,Conbersa Co Deus,Nós Morna,15,1997,352666,Ildo Lobo
569,569,Angola 70's,Canter de Felicidade,As Melhores Mornas de Sempre,2,1980,508573,Bana
570,570,Angola 70's,Canter de Felicidade,As Melhores Mornas de Sempre,2,1980,508573,Bana
571,571,Angola 70's,Cusas Di Coraçon,Intelectual,19,2001,362560,Ildo Lobo
572,572,Angola 70's,Matutar Na Cachimónia,Best Of,15,2016,246000,Bonga
573,573,Angola 70's,Poema do Semba,Semba da Minha Terra (Musica de Angola),31,2012,296640,Carlos Burity
574,574,Angola 70's,Milongo,Tudo por Amor,16,2014,241573,YéYé
575,575,Angola 70's,Sexta-Feira,Regresso à Base,31,2011,248813,Don Kikas
576,576,Angola 70's,Malalanza,Malanza,23,2010,360933,Carlos Burity
577,577,Angola 70's,Farinha Musseque,Projecto da Banda,12,2002,261519,Banda Tons
578,578,Angola 70's,Semba Da Ilha,Soul of Angola: Anthologie De La Musique Angolaise 1965 - 1975,7,2001,228013,Jovens do Prendo
579,579,Worship,I Smile,Hello Fear,56,2011,307973,Kirk Franklin
580,580,Worship,Good Good Father,Good Good Father,50,2015,297146,Chris Tomlin
581,581,Worship,Let The Church Say Amen - Radio Edit,Let The Church Say Amen (Radio Edit),49,2011,294813,Marvin Winans
582,582,Worship,Even When It Hurts (Praise Song),Empires,43,2015,378400,TAYA
583,583,Worship,Here Now (Madness) - By An Empty Tomb Just Beyond The City Walls,Of Dirt And Grace (Live From The Land),42,2016,453706,Hillsong UNITED
584,584,Worship,Prince Of Peace,Of Dirt And Grace (Live From The Land),48,2016,491573,TAYA
585,585,Worship,Lead Me To The Cross,All Of The Above,54,2007,258626,Brooke Ligertwood
586,586,Worship,Hosanna,All Of The Above,60,2007,330360,Brooke Ligertwood
587,587,Worship,To My Knees (Live),Youth Revival,39,2016,473293,Hillsong Young & Free
588,588,Worship,Where You Are,Youth Revival,34,2016,209720,Hillsong Young & Free
589,589,Worship,O Come to the Altar (Live),Here As In Heaven,67,2016,349586,Elevation Worship
590,590,Worship,Here as in Heaven,Here As In Heaven,58,2016,499506,Elevation Worship
591,591,Worship,Jesus I Come,Wake Up The Wonder,46,2014,351054,Elevation Worship
592,592,Worship,No Longer Slaves (Spontaneous) - Live,We Will Not Be Shaken (Live),62,2015,373691,Melissa Helser
593,593,Worship,It Is Well - Live,You Make Me Brave (Live),61,2014,385053,Kristene DiMarco
594,594,Worship,We Will Not Be Shaken - Live,We Will Not Be Shaken (Live),44,2015,332604,Brian Johnson
595,595,Worship,Our Father,For the Sake of the World,46,2012,408826,Jenn Johnson
596,596,Worship,Be Enthroned - Live,Have It All (Live),49,2016,485396,Jeremy Riddle
597,597,Worship,How Beautiful (Live),Glory & Wonder,43,2016,416080,Mosaic MSC
598,598,Worship,Tremble - Live,Glory & Wonder,60,2016,309093,Mosaic MSC
599,599,Worship,May God Be Everywhere I Go - Live,Glory & Wonder,32,2016,326453,Mosaic MSC
600,600,Worship,Not Afraid - Live,Glory & Wonder,31,2016,289066,Mosaic MSC
601,601,Worship,Great I Am - Live,You Hold It All (Live),47,2011,328933,Integrity's Hosanna! Music
602,602,Worship,Scandal of Grace (I'd Be Lost) - By An Empty Tomb Not Far From Golgotha,Of Dirt And Grace (Live From The Land),41,2016,438185,Hillsong UNITED
603,603,Worship,Great Are You Lord,All Sons & Daughters,56,2014,296343,David Leonard
604,604,Worship,Your Glory / Nothing But The Blood - Live,Live,45,2013,537866,David Leonard
605,605,Worship,Never Would Have Made It,Thirsty,54,2007,415133,Marvin Sapp
606,606,Worship,The Best In Me,Here I Am,48,2010,514306,Marvin Sapp
607,607,Worship,My Testimony,I Win,43,2012,625293,Marvin Sapp
608,608,Worship,Great & Mighty,Memoirs Of A Worshipper,24,2012,608893,Byron Cage
609,609,Worship,Give Me Faith,Kingdom Come,52,2010,294800,Elevation Worship
610,610,Worship,Your Love Is Strong,Limbs & Branches,44,2008,309840,Jon Foreman
611,611,Worship,Nobody Greater,Triumphant,38,2011,369160,VaShawn Mitchell
612,612,Worship,What A Beautiful Name,What A Beautiful Name,65,2017,240200,Brooke Ligertwood
613,613,Worship,Resurrecting (Live),Here As In Heaven,57,2016,467053,Elevation Worship
614,614,Worship,Since Your Love (Live) [feat. Brandon Hampton],Simple Gospel (Live),42,2015,482386,Brandon Hampton
615,615,Worship,Put A Praise On It - Live,One Place Live,44,2015,376666,Kierra Sheard
616,616,Worship,Faithful Is Our God,The Very Best of Praise & Worship: Songs of Praise for The Family,18,2008,445133,Love Fellowship Choir
617,617,Worship,Live in the Wonderful,Live in the Wonderful,18,2016,294617,Lakewood Music
618,618,Worship,Sinking Deep,This Is Living,54,2015,248360,Hillsong Young & Free
619,619,Worship,Let There Be Light,let there be light.,47,2016,451946,Hillsong Worship
620,620,Worship,King of My Heart,You Are the Avalanche,48,2015,295720,Sarah McMillan
621,621,Worship,In Control,let there be light.,47,2016,307520,Hillsong Worship
622,622,Worship,Open Heaven (River Wild),OPEN HEAVEN / River Wild,48,2015,449384,Hannah Hobbs
623,623,Worship,Came To My Rescue,Hillsong Chapel: Yahweh,38,2010,260453,Reuben Morgan
624,624,Worship,Say The Word,Empires,42,2015,264320,TAYA
625,625,Worship,Do It Again,There Is a Cloud,65,2017,398333,Elevation Worship
626,626,Worship,Heart Like Heaven (Falling) - As The Sun Went Down Over Galilee,Of Dirt And Grace (Live From The Land),43,2016,494346,Hillsong UNITED
627,627,Worship,Transfiguration,OPEN HEAVEN / River Wild,48,2015,336516,TAYA
628,628,Worship,Open Heaven (River Wild),OPEN HEAVEN / River Wild,48,2015,449384,Hannah Hobbs
629,629,PRAISE,Feeling Low,Tell All My Friends,36,2017,407319,United Pursuit
630,630,PRAISE,Lay It All Down,Tell All My Friends,52,2017,351760,United Pursuit
631,631,PRAISE,I Can Tell,Tell All My Friends,32,2017,312911,United Pursuit
632,632,PRAISE,Leave This House Singing,Tell All My Friends,32,2017,291203,United Pursuit
633,633,PRAISE,Nothing Without You,Tell All My Friends,47,2017,282050,United Pursuit
634,634,PRAISE,Be Thou My Vision,Rise Up Dead Men,25,2014,154566,Andrew Laparra
635,635,PRAISE,Come Thou Fount,Rise Up Dead Men,19,2014,157544,Andrew Laparra
636,636,PRAISE,For The Beauty Of The Earth,Rise Up Dead Men,35,2014,194690,Andrew Laparra
637,637,PRAISE,Nothing But The Blood,Rise Up Dead Men,15,2014,214517,Andrew Laparra
638,638,PRAISE,Softly And Tenderly,Rise Up Dead Men,16,2014,193515,Andrew Laparra
639,639,PRAISE,I Need Thee Every Hour,Rise Up Dead Men,24,2014,175020,Andrew Laparra
640,640,PRAISE,This Road,Rise Up Dead Men,13,2014,242233,Andrew Laparra
641,641,PRAISE,Here and Now (feat. Will Reagan),Looking for a Savior,35,2016,270600,Will Reagan
642,642,PRAISE,Every Cell (feat. Brock Human),Looking for a Savior,22,2016,292826,Brock Human
643,643,PRAISE,Oh How We Love You (feat. Will Reagan),Looking for a Savior,41,2016,330800,Will Reagan
644,644,PRAISE,Awake My Soul (feat. Brock Human),Looking for a Savior,22,2016,287373,Brock Human
645,645,PRAISE,Looking for a Savior (feat. Will Reagan),Looking for a Savior,41,2016,398560,Will Reagan
646,646,PRAISE,Are You Listening (feat. Brock Human),Looking for a Savior,34,2016,237667,Brock Human
647,647,PRAISE,Nothing I Hold on to (Live),Live at the Banks House,49,2010,376093,United Pursuit
648,648,PRAISE,Voice That Stills the Raging Sea,All Things New,32,2014,382500,Rivers & Robots
649,649,PRAISE,Do It Again,There Is a Cloud,65,2017,398333,Elevation Worship
650,650,PRAISE,God I Look to You,God I Look to You,28,2014,278936,John Ward
651,651,PRAISE,Light Will Dawn,All Things New,23,2014,211000,Rivers & Robots
652,652,PRAISE,Arise,All Things New,23,2014,269999,Rivers & Robots
653,653,PRAISE,Hidden (Live) [feat. Will Reagan],Simple Gospel (Live),44,2015,394186,Will Reagan
654,654,PRAISE,Head to the Heart (Live),Simple Gospel (Live),43,2015,320400,United Pursuit
655,655,PRAISE,Your Love Changes Everything (Live) [feat. Brock Human],Simple Gospel (Live),37,2015,307853,Brock Human
656,656,PRAISE,Simple Gospel (Live),Simple Gospel (Live),51,2015,360000,United Pursuit
657,657,PRAISE,Met by Love (Live),Simple Gospel (Live),41,2015,329920,United Pursuit
658,658,PRAISE,You're All Around Me (Spontaneous) [Live] (feat. Andrea Marie),Simple Gospel (Live),33,2015,132560,Andrea Marie
659,659,PRAISE,Let It Happen (Live) [feat. Andrea Marie],Simple Gospel (Live),43,2015,490453,Andrea Marie
660,660,PRAISE,Seasons Change (Live) [feat. Michael Ketterer],Simple Gospel (Live),42,2015,337000,Michael Ketterer
661,661,PRAISE,Since Your Love (Live) [feat. Brandon Hampton],Simple Gospel (Live),42,2015,482386,Brandon Hampton
662,662,PRAISE,Never Going Back (Live) [feat. Brock Human],Simple Gospel (Live),40,2015,543266,Brock Human
663,663,PRAISE,Rock of Ages,The Water & The Blood,30,2013,278080,The Modern Post
664,664,PRAISE,I Surrender All,"Take the World, but Give Me Jesus",25,2010,286586,Ascend The Hill
665,665,PRAISE,What Does It Sound Like,Without Words,35,2013,211360,Bethel Music
666,666,PRAISE,Jesus We Love You - Live,We Will Not Be Shaken (Live),52,2015,415079,Paul McClure
667,667,PRAISE,How Deep the Father's Love,Sin,38,2011,301400,Kings Kaleidoscope
668,668,PRAISE,In Christ Alone,Asaph's Arrows - EP,41,2012,284840,Kings Kaleidoscope
669,669,PRAISE,What Wondrous Love Is This?,Sin,15,2011,318013,Kings Kaleidoscope
670,670,PRAISE,Grace Alone,The Water & The Blood,38,2013,214266,The Modern Post
671,671,PRAISE,Brokenness Aside,Season One,35,2012,352026,David Leonard
672,672,PRAISE,Come All You Weary,"The Alchemy Index, Vol. 3 & 4: Air & Earth",35,2008,248013,Thrice
673,673,PRAISE,The Bridegroom,Take Everything,36,2012,319731,Rivers & Robots
674,674,PRAISE,You Hold It All - Live,You Hold It All (Live),19,2015,415013,Travis Ryan
675,675,PRAISE,My Joy Is Complete - Reconstructed,In Part - EP,20,2017,266905,Citizens
676,676,PRAISE,How Majestic - Reconstructed,In Part - EP,25,2017,341823,Citizens
677,677,PRAISE,Relent - Reconstructed,In Part - EP,21,2017,331019,Citizens
678,678,PRAISE,Faith - Reconstructed,In Part - EP,15,2017,232471,Citizens
679,679,4/12/2019,Rain,The Beauty Between,43,2017,217053,Kings Kaleidoscope
680,680,4/12/2019,Soldier,Authenticity,0,2014,267573,Madison Cunningham
681,681,4/12/2019,Old You,Authenticity,0,2014,238253,Madison Cunningham
682,682,4/12/2019,Constant One,The Undoing,35,2014,266243,Steffany Gretzinger
683,683,4/12/2019,Divine / Sailing / Time / Hymn - Acoustic,Children of God Acoustic Sessions,47,2016,464398,Phil Wickham
684,684,4/12/2019,Empty Me Out,There's a Light,44,2015,277675,Liz Vice
685,685,4/12/2019,Everything Is Yours,There's a Light,19,2015,222278,Liz Vice
686,686,4/12/2019,Benediction,Home,40,2015,249240,Josh Garrels
687,687,4/12/2019,Inevitable,Look Up Child,49,2018,160586,Lauren Daigle
688,688,4/12/2019,It's Gonna Get Better,Better,44,2019,202960,Stars Go Dim
689,689,4/12/2019,Land Of The Living - EP Version,Land Of The Living EP,26,2013,264986,Roo Panes
690,690,4/12/2019,River,Coming Home (Deluxe),73,2015,240200,Leon Bridges
691,691,4/12/2019,Daughter,Atlas: Life,24,2015,244012,Sleeping At Last
692,692,4/12/2019,Here Comes the Sun,Here Comes The Sun (Expanded Edition),55,1971,214093,Nina Simone
693,693,4/12/2019,Venus,Atlas: Space (Deluxe),35,2017,200562,Sleeping At Last
694,694,4/12/2019,Atlas: Joy,Atlas: Joy,18,2016,192519,Sleeping At Last
695,695,4/12/2019,Farther Along,Love & War & The Sea In Between,51,2011,304516,Josh Garrels
696,696,4/12/2019,Ulysses,Love & War & The Sea In Between,40,2011,256893,Josh Garrels
697,697,4/12/2019,Lessons From My Father,It's A New Dawn,15,2017,240906,Victory
698,698,4/12/2019,To The End,Greater Things,44,2018,431933,Amanda Cook
699,699,4/12/2019,D.R.A.M. Sings Special,Coloring Book,44,2016,101590,Chance the Rapper
700,700,4/12/2019,Ooh Child,Ooh Child,29,2017,163844,MILCK
701,701,4/12/2019,This Will Be Our Year,Odessey and Oracle,54,1968,127733,The Zombies
702,702,4/12/2019,My Joy Is Complete - Reconstructed,In Part - EP,20,2017,266905,Citizens
703,703,Current Plane Playlist,Rose Of Sharon,Delta,41,2018,203700,Mumford & Sons
704,704,Current Plane Playlist,I Am Light,SongVersation: Medicine,0,2017,223760,India.Arie
705,705,Current Plane Playlist,How Long?,Father of the Bride,41,2019,212253,Vampire Weekend
706,706,Current Plane Playlist,Beloved,Delta,51,2018,265096,Mumford & Sons
707,707,Current Plane Playlist,Guiding Light,Delta,57,2018,217633,Mumford & Sons
708,708,Current Plane Playlist,42,Delta,44,2018,240938,Mumford & Sons
709,709,Current Plane Playlist,I And Love And You,I And Love And You,60,2009,300840,The Avett Brothers
710,710,Current Plane Playlist,First Day of My Life,"I'm Wide Awake, It's Morning",68,2005,188877,Bright Eyes
711,711,Current Plane Playlist,Outnumbered,Outnumbered,65,2019,245699,Dermot Kennedy
712,712,Current Plane Playlist,Lost,Lost,54,2019,224305,Dermot Kennedy
713,713,Current Plane Playlist,Almost (Sweet Music),"Wasteland, Baby!",62,2019,217480,Hozier
714,714,Current Plane Playlist,Hypotheticals,Obviously,58,2021,230178,Lake Street Dive
715,715,Current Plane Playlist,Nine in the Afternoon - Single Mix,Pretty. Odd.,54,2008,191560,Panic! At The Disco
716,716,Current Plane Playlist,"You, Dear",This Thing Called Living,57,2019,187124,Eloise
717,717,Current Plane Playlist,Grows Old,Cold Heart,51,2018,236293,Thirdstory
718,718,Current Plane Playlist,The Box,The Box,41,2019,261095,Sammy Rae & The Friends
719,719,Current Plane Playlist,Whatever We Feel,Whatever We Feel,53,2020,208965,Sammy Rae & The Friends
720,720,Current Plane Playlist,Kick It to Me,The Good Life,57,2018,387600,Sammy Rae & The Friends
721,721,Current Plane Playlist,Vida de Rico,Vida de Rico,69,2020,187426,Camilo
722,722,Current Plane Playlist,six thirty,Positions,59,2020,183874,Ariana Grande
723,723,Current Plane Playlist,Anything For You,Prepare The Preparations,24,2010,203386,Ludo
724,724,Current Plane Playlist,t r a n s p a r e n t s o u l feat. Travis Barker,t r a n s p a r e n t s o u l feat. Travis Barker,67,2021,168030,Travis Barker
725,725,Current Plane Playlist,Henehene Kou‘aka,Finding ‘Ohana (Music from the Netflix Film),3,2021,125746,Finding ‘Ohana Cast
726,726,Current Plane Playlist,Share Your Address,Sing To Me Instead,54,2019,182466,Ben Platt
727,727,Introducing:,Ooh Child,Ooh Child,29,2017,163844,MILCK
728,728,Introducing:,Benediction,Home,40,2015,249240,Josh Garrels
729,729,Introducing:,"Wake up, Moving On",Florence (Original Soundtrack),34,2018,131640,Kevin Penkin
730,730,florence,First Dates,Florence (Original Soundtrack),25,2018,92333,Kevin Penkin
731,731,florence,Dreams,Florence (Original Soundtrack),24,2018,79306,Kevin Penkin
732,732,florence,Inspiration,Florence (Original Soundtrack),27,2018,144240,Kevin Penkin
733,733,florence,Exploration,Florence (Original Soundtrack),22,2018,100560,Kevin Penkin
734,734,florence,Groceries,Florence (Original Soundtrack),23,2018,139800,Kevin Penkin
735,735,florence,Moving In,Florence (Original Soundtrack),23,2018,105320,Kevin Penkin
736,736,florence,Happy Together,Florence (Original Soundtrack),23,2018,114946,Kevin Penkin
737,737,florence,Routine,Florence (Original Soundtrack),21,2018,82160,Kevin Penkin
738,738,florence,Erosion,Florence (Original Soundtrack),22,2018,109173,Kevin Penkin
739,739,florence,Fight,Florence (Original Soundtrack),20,2018,124360,Kevin Penkin
740,740,florence,Drifting,Florence (Original Soundtrack),22,2018,78973,Kevin Penkin
741,741,florence,Moving Out,Florence (Original Soundtrack),21,2018,115626,Kevin Penkin
742,742,florence,Fragments,Florence (Original Soundtrack),22,2018,73093,Kevin Penkin
743,743,florence,Let Go,Florence (Original Soundtrack),21,2018,140373,Kevin Penkin
744,744,florence,"Wake up, Moving On",Florence (Original Soundtrack),34,2018,131640,Kevin Penkin
745,745,,Behind Blue Eyes,Who's Next (Deluxe Edition),69,1971,221426,The Who
746,746,,Walk On the Wild Side,Transformer,72,1972,254173,Lou Reed
747,747,,Strawberry Fields Forever - Remastered 2009,Magical Mystery Tour (Remastered),68,1967,247320,The Beatles
748,748,,Knockin' On Heaven's Door,Pat Garrett & Billy The Kid (Soundtrack From The Motion Picture),72,1973,149880,Bob Dylan
749,749,,I Want To Hold Your Hand - Remastered 2015,1 (Remastered),71,2000,145746,The Beatles
750,750,,A Hard Day's Night - Remastered 2009,A Hard Day's Night (Remastered),66,1964,154200,The Beatles
751,751,,Help! - Remastered 2009,Help! (Remastered),70,1965,139560,The Beatles
752,752,,I Want To Hold Your Hand - Live / Bonus Track,Live At The Hollywood Bowl,33,2016,149266,The Beatles
753,753,,Romeo And Juliet,Making Movies,71,1980,360666,Dire Straits
754,754,,Message In A Bottle,Reggatta De Blanc (Remastered 2003),74,1979,290280,The Police
755,755,,I'm On Fire,Born In The U.S.A.,74,1984,155880,Bruce Springsteen
756,756,,Born in the U.S.A.,Born In The U.S.A.,73,1984,278680,Bruce Springsteen
757,757,,Jack & Diane,American Fool,72,1982,254493,John Mellencamp
758,758,,Free Fallin',Full Moon Fever,76,1989,256000,Tom Petty
759,759,,"Rocket Man (I Think It's Going To Be A Long, Long Time)",Honky Chateau,80,1972,281613,Elton John
760,760,,Come Together - Remastered 2009,Abbey Road (Remastered),76,1969,259946,The Beatles
761,761,,(I Can't Get No) Satisfaction - Mono Version,Out Of Our Heads,76,1965,222813,The Rolling Stones
762,762,,Hey Jude - Remastered 2015,1 (Remastered),73,2000,425653,The Beatles
763,763,,My Generation - Stereo Version,My Generation (Stereo Version),64,1965,198706,The Who
764,764,,"Another Brick In The Wall, Pt. 2 - 2011 Remastered Version",The Wall (Remastered),70,1979,228586,Pink Floyd
765,765,,Comfortably Numb - 2011 Remastered Version,The Wall (Remastered),67,1979,379213,Pink Floyd
766,766,,Crossroads - Live,Wheels Of Fire,57,1968,258466,Cream
767,767,,Hey Joe,Are You Experienced,69,1967,210160,Jimi Hendrix
768,768,,Little Wing,Axis: Bold As Love,71,1967,145746,Jimi Hendrix
769,769,,Purple Haze,Are You Experienced,70,1967,170813,Jimi Hendrix
770,770,,May This Be Love,Are You Experienced,48,1967,190226,Jimi Hendrix
771,771,,Wouldn't It Be Nice - Remastered 2000 / Stereo Mix,Pet Sounds (Original Mono & Stereo Mix Versions),71,1966,153205,The Beach Boys
772,772,,"Layla - Acoustic; Live at MTV Unplugged, Bray Film Studios, Windsor, England, UK, 1/16/1992; 2015 Remaster",Forever Man,66,2015,269893,Eric Clapton
773,773,,Yesterday - Remastered 2009,Help! (Remastered),75,1965,125666,The Beatles
774,774,,Wish You Were Here,A Collection Of Great Dance Songs,68,1981,321080,Pink Floyd
775,775,,Don't Stop Me Now - Remastered 2011,Jazz (2011 Remaster),81,1978,209413,Queen
776,776,,Under Pressure - Remastered 2011,Hot Space (2011 Remaster),78,1982,248440,David Bowie
777,777,,Another One Bites The Dust - Remastered 2011,The Game (2011 Remaster),81,1980,214653,Queen
778,778,,There Is a Light That Never Goes Out - 2011 Remaster,The Queen Is Dead,79,1986,244586,The Smiths
779,779,,Just Like Heaven,"Kiss Me, Kiss Me, Kiss Me",72,1987,212013,The Cure
780,780,,Where Is My Mind? - Remastered,Surfer Rosa,78,1988,234973,Pixies
781,781,,Happy Together,Happy Together,75,1967,176293,The Turtles
782,782,,"Folsom Prison Blues - Live at Folsom State Prison, Folsom, CA - January 1968",At Folsom Prison,67,1968,162653,Johnny Cash
783,783,,Ring of Fire,Ring Of Fire: The Best Of Johnny Cash,70,1963,158426,Johnny Cash
784,784,,Over the Hills and Far Away - Remaster,Houses of the Holy (Remaster),64,1973,290933,Led Zeppelin
785,785,,The Rover - Remaster,Physical Graffiti (Deluxe Edition),54,1975,339474,Led Zeppelin
786,786,,Immigrant Song - Remaster,Mothership (Remastered),55,2007,146746,Led Zeppelin
787,787,,She Loves You - Mono / Remastered,1 (Remastered),64,2000,140920,The Beatles
788,788,,Can't Buy Me Love - Remastered 2009,A Hard Day's Night (Remastered),64,1964,131866,The Beatles
789,789,,Pinball Wizard,Tommy,67,1969,180943,The Who
790,790,,Johnny B. Goode,Berry Is On Top,75,1959,161560,Chuck Berry
791,791,Roo Panes,My Narrow Road,Quiet Man (Deluxe Edition),21,2019,324000,Roo Panes
792,792,Roo Panes,A Gift To You,Quiet Man (Deluxe Edition),19,2019,308240,Roo Panes
793,793,Roo Panes,Cub,Quiet Man (Deluxe Edition),29,2019,212266,Roo Panes
794,794,Roo Panes,Quiet Man,Quiet Man (Deluxe Edition),24,2019,307040,Roo Panes
795,795,Roo Panes,Warrior,Quiet Man (Deluxe Edition),21,2019,209053,Roo Panes
796,796,Roo Panes,Peace Be With You,Quiet Man (Deluxe Edition),19,2019,270493,Roo Panes
797,797,summer2018,You're Gonna Live Forever in Me,The Search for Everything,74,2017,190013,John Mayer
798,798,summer2018,Home,A Song For Every Moon,58,2017,200620,Bruno Major
799,799,summer2018,Farther Along,Love & War & The Sea In Between,51,2011,304516,Josh Garrels
800,800,summer2018,Something Beautiful,Here Begin,27,2011,264186,Andrea Marie
801,801,summer2018,At the Table,Home,47,2015,289093,Josh Garrels
802,802,summer2018,I Have Made Mistakes,"Through the Deep, Dark Valley",43,2012,289500,The Oh Hellos
803,803,summer2018,Tompkins Square Park,Wilder Mind,55,2015,312626,Mumford & Sons
804,804,summer2018,"Hello, Love",Here Begin,9,2011,377320,Andrea Marie
805,805,spring break,Only Girl,Only Girl,36,2017,210000,Moelogo
806,806,spring break,My Life,Gold,30,2017,187480,Adekunle Gold
807,807,spring break,Dancing on the Moon,Isla Vista Worship,38,2014,264617,Isla Vista Worship
808,808,spring break,First Try,Georgica Pond,50,2016,176632,Johnnyswim
809,809,spring break,Sweet Disposition,Conditions,70,2009,234360,The Temper Trap
810,810,spring break,At the Table,Home,47,2015,289093,Josh Garrels
811,811,spring break,Romeo And Juliet,Making Movies,71,1980,360666,Dire Straits
812,812,spring break,Suavecito,Los Fakires,18,2002,244413,Los Fakires
813,813,spring break,Moon at Dawn,And Then Like Lions,22,2016,247520,Blind Pilot
814,814,spring break,Want You Back,Something To Tell You,51,2017,232120,HAIM
815,815,spring break,I Wish I Knew How It Would Feel to Be Free,The Very Best Of Nina Simone 1967-1972 - Sugar In My Bowl,44,1998,188893,Nina Simone
816,816,spring break,Rose-Colored Boy,After Laughter,66,2017,212853,Paramore
817,817,spring break,Caught in the Middle,After Laughter,61,2017,214160,Paramore
818,818,spring break,May I Have This Dance (Remix) [feat. Chance the Rapper],May I Have This Dance (Remix) [feat. Chance the Rapper],53,2017,195356,Chance the Rapper
819,819,spring break,Midnight in Harlem,Revelator,57,2011,352666,Tedeschi Trucks Band
820,820,spring break,Stay in My Corner,"Yours, Dreamily,",50,2015,199160,The Arcs
821,821,spring break,I'd Rather Be with You,Back In The Day: The Best Of Bootsy,54,1994,297493,Bootsy Collins
822,822,spring break,I Try (Living Room Session),Lift,37,2016,259613,Busty and the Bass
823,823,spring break,Volverte A Ver,Mi Sangre,68,2004,217560,Juanes
824,824,spring break,Only Wanna Be with You - Unplugged,The Sound Experiment - EP,47,2015,194120,Samm Henshaw
825,825,spring break,My Girl,The Temptations Sing Smokey,78,1965,165000,The Temptations
826,826,spring break,All I've Got,Like I Used To,21,2012,199226,Lucy Rose
827,827,spring break,A Sunday Kind Of Love,At Last!,69,1960,196133,Etta James
828,828,spring break,Morena,"""4""",48,2005,178946,Los Hermanos
829,829,spring break,Anna Júlia,Los Hermanos,65,1999,212200,Los Hermanos
830,830,spring break,Kilómetros,Sin Bandera,63,2001,221560,Sin Bandera
831,831,spring break,How Great (feat. Jay Electronica & My cousin Nicole),Coloring Book,47,2016,337423,My cousin Nicole
832,832,spring break,Higher Love,Early in the Morning (Special Edition),55,2010,215589,James Vincent McMorrow
833,833,spring break,Evaporar,Little Joy,34,2008,232026,Little Joy
834,834,spring break,Friends (feat. Bon Iver),Friends (feat. Bon Iver),38,2016,188336,Bon Iver
835,835,spring break,Church,The Story of Sonny Boy Slim,35,2015,310080,Gary Clark Jr.
836,836,spring break,Kick Drum Heart,I And Love And You,47,2009,174106,The Avett Brothers
837,837,spring break,Weighty Ghost,Welcome to the Night Sky,38,2007,218973,Wintersleep
838,838,spring break,Tu Amor Me Hace Bien - Salsa Version,Valio La Pena,70,2004,300160,Marc Anthony
839,839,spring break,"Keep It Loose, Keep It Tight",Amos Lee,56,2005,188080,Amos Lee
840,840,spring break,Rosa Dear,Voilà,35,2014,215040,Ruth
841,841,spring break,Bring My Baby Back,The Psychedelic Swamp,43,2016,228055,Dr. Dog
842,842,spring break,Could You Be Loved,Uprising,77,1980,237000,Bob Marley & The Wailers
843,843,spring break,Is This Love,Kaya - Deluxe Edition,56,1978,231546,Bob Marley & The Wailers
844,844,spring break,Bidi Bidi Bom Bom,La Leyenda (Version Super Deluxe),65,2010,187524,Selena
845,845,spring break,Killing Me Softly With His Song,The Score (Expanded Edition),76,1996,298773,Ms. Lauryn Hill
846,846,spring break,That's Just The Way We Roll,Jonas Brothers,48,2007,173000,Jonas Brothers
847,847,spring break,Olhos Café,Best Of,13,2001,205746,S.S.P.
848,848,spring break,Deixa A Vida Me Levar,Deixa A Vida Me Levar,58,2002,277933,Zeca Pagodinho
849,849,spring break,Essa Quer Me Matar,Vem Dançar Kizomba,23,2012,204480,Yuri da Cunha
850,850,spring break,Sexta-Feira,Regresso à Base,31,2011,248813,Don Kikas
851,851,spring break,So in Love,Isla Vista Worship 2,47,2017,255280,Isla Vista Worship
852,852,spring break,D.R.A.M. Sings Special,Coloring Book,44,2016,101590,Chance the Rapper
853,853,spring break,Always Enough,Always Enough,35,2020,201743,Sajan Nauriyal
854,854,spring break,instagram,instagram,68,2017,255728,DEAN
855,855,sleeping at last,Mars,Atlas: Space (Deluxe),34,2017,237779,Sleeping At Last
856,856,sleeping at last,Jupiter,Atlas: Space (Deluxe),33,2017,255872,Sleeping At Last
857,857,sleeping at last,Saturn,Atlas: Space (Deluxe),40,2017,289792,Sleeping At Last
858,858,sleeping at last,Uranus,Atlas: Space (Deluxe),37,2017,259898,Sleeping At Last
859,859,sleeping at last,Neptune,Atlas: Space (Deluxe),35,2017,280370,Sleeping At Last
860,860,sleeping at last,Pluto,Atlas: Space (Deluxe),34,2017,227222,Sleeping At Last
861,861,sleeping at last,Sun (Instrumental),Atlas: Space (Deluxe),35,2017,277155,Sleeping At Last
862,862,sleeping at last,Mercury (Instrumental),Atlas: Space (Deluxe),35,2017,213425,Sleeping At Last
863,863,sleeping at last,Venus (Instrumental),Atlas: Space (Deluxe),33,2017,200562,Sleeping At Last
864,864,sleeping at last,Earth (Instrumental),Atlas: Space (Deluxe),34,2017,268111,Sleeping At Last
865,865,sleeping at last,Moon (Instrumental),Atlas: Space (Deluxe),35,2017,240640,Sleeping At Last
866,866,sleeping at last,Mars (Instrumental),Atlas: Space (Deluxe),33,2017,237779,Sleeping At Last
867,867,sleeping at last,Jupiter (Instrumental),Atlas: Space (Deluxe),35,2017,255872,Sleeping At Last
868,868,sleeping at last,Saturn (Instrumental),Atlas: Space (Deluxe),45,2017,289792,Sleeping At Last
869,869,sleeping at last,Uranus (Instrumental),Atlas: Space (Deluxe),34,2017,259898,Sleeping At Last
870,870,sleeping at last,Neptune (Instrumental),Atlas: Space (Deluxe),34,2017,280370,Sleeping At Last
871,871,sleeping at last,Pluto (Instrumental),Atlas: Space (Deluxe),35,2017,227222,Sleeping At Last
872,872,Atlas: II,Atlas: Taste,Atlas: Taste,26,2015,263447,Sleeping At Last
873,873,Atlas: II,Atlas: Smell,Atlas: Smell,18,2016,265075,Sleeping At Last
874,874,Atlas: II,Atlas: Hearing,Atlas: Hearing,47,2016,249267,Sleeping At Last
875,875,Atlas: II,Atlas: Sight,Atlas: Sight,18,2016,243480,Sleeping At Last
876,876,Atlas: II,Atlas: Joy,Atlas: Joy,18,2016,192519,Sleeping At Last
877,877,Atlas: II,Atlas: Sorrow,Atlas: Sorrow,26,2016,311025,Sleeping At Last
878,878,Atlas: II,Atlas: Anger,Atlas: Anger,22,2016,229868,Sleeping At Last
879,879,Atlas: II,Atlas: Fear,Atlas: Fear,26,2016,339596,Sleeping At Last
880,880,Atlas: II,Atlas: Body,Atlas: Body,35,2017,235331,Sleeping At Last
881,881,Atlas: II,Atlas: Heart,Atlas: Heart,37,2017,213938,Sleeping At Last
882,882,Atlas: II,Atlas: Mind,Atlas: Mind,19,2017,248181,Sleeping At Last
883,883,Atlas: II,Atlas: One,Atlas: One,32,2017,203032,Sleeping At Last
884,884,Atlas: II,Atlas: Two,Atlas: Two,41,2017,260428,Sleeping At Last
885,885,Atlas: II,Atlas: Three,Atlas: Three,34,2018,245618,Sleeping At Last
886,886,Atlas: II,Atlas: Four,Atlas: Four,31,2018,294179,Sleeping At Last
887,887,Atlas: II,Atlas: Five,Atlas: Five,27,2018,355009,Sleeping At Last
888,888,Atlas: II,Atlas: Six,Atlas: Six,30,2018,252833,Sleeping At Last
889,889,Atlas: II,Atlas: Seven,Atlas: Seven,31,2018,263124,Sleeping At Last
890,890,Atlas: II,Atlas: Eight,Atlas: Eight,34,2019,248904,Sleeping At Last
891,891,Atlas: II,Atlas: Nine,Atlas: Nine,29,2019,321767,Sleeping At Last
892,892,Litty,Don't,T R A P S O U L,82,2015,198293,Bryson Tiller
893,893,Litty,Famous,The Life Of Pablo,72,2016,196040,Kanye West
894,894,Litty,POWER,My Beautiful Dark Twisted Fantasy,78,2010,292093,Kanye West
895,895,Litty,Come and See Me (feat. Drake),PARTYNEXTDOOR 3 (P3),72,2016,235477,Drake
896,896,Litty,IV. Sweatpants,Because the Internet,68,2013,180675,Childish Gambino
897,897,Litty,Rock with You - Single Version,Off the Wall,74,1979,220626,Michael Jackson
898,898,Litty,Caroline,Good For You,73,2017,209640,Aminé
899,899,Litty,Broccoli (feat. Lil Yachty),Big Baby DRAM,61,2016,225205,Lil Yachty
900,900,Litty,No Problem (feat. Lil Wayne & 2 Chainz),Coloring Book,66,2016,304606,2 Chainz
901,901,Litty,All Night (feat. Knox Fortune),Coloring Book,63,2016,141542,Knox Fortune
902,902,Litty,Talking to Myself,Ology,37,2016,237560,Gallant
903,903,Litty,After Party,Short Term 12,22,2013,171213,Keith Stanfield
904,904,Litty,Doo Wop (That Thing),The Miseducation of Lauryn Hill,73,1998,320266,Ms. Lauryn Hill
905,905,Litty,The Light,Go! Common Classics,52,2010,243586,Common
906,906,Litty,Hypnotize - 2014 Remaster,Life After Death (2014 Remastered Edition),80,1997,229826,The Notorious B.I.G.
907,907,Litty,Work Work,CLPPNG,38,2014,223742,Cocc Pistol Cree
908,908,Litty,Dang! (feat. Anderson .Paak),The Divine Feminine,72,2016,305350,Anderson .Paak
909,909,Litty,Starboy,Starboy,89,2016,230453,Daft Punk
910,910,Litty,7/11,BEYONCÉ [Platinum Edition],68,2014,213506,Beyoncé
911,911,Litty,Needed Me,ANTI (Deluxe),81,2016,191600,Rihanna
912,912,Litty,Ms. Jackson,Stankonia,81,2000,270506,Outkast
913,913,Litty,Novacane,Novacane,80,2011,302346,Frank Ocean
914,914,Litty,No Scrubs,Fanmail,79,1999,214400,TLC
915,915,Litty,GOT IT GOOD,99.9%,57,2016,228146,Craig David
916,916,Litty,Rock Your Body,Justified,77,2002,267266,Justin Timberlake
917,917,Litty,Baba,Baba,6,2016,189040,Aminé
918,918,Litty,Me and Your Mama,"""Awaken, My Love!""",82,2016,379226,Childish Gambino
919,919,Litty,Redbone,"""Awaken, My Love!""",81,2016,326933,Childish Gambino
920,920,Litty,Poison,Poison,69,1990,261853,Bell Biv DeVoe
921,921,Litty,It Wasn't Me,Hot Shot,77,2000,227600,Rik Rok
922,922,Litty,How Do U Want It (ft. K-Ci & JoJo),All Eyez On Me,66,1996,287546,K-Ci & JoJo
923,923,Litty,Can I Kick It?,People's Instinctive Travels and the Paths of Rhythm (25th Anniversary Edition),69,1990,251573,A Tribe Called Quest
924,924,Litty,Pony,R&B: From Doo-Wop To Hip-Hop,72,1999,251733,Ginuwine
925,925,Litty,Just Friends (Sunny),Aijuswanaseing,58,2000,251426,Musiq Soulchild
926,926,Litty,Shoop,Very Necessary,68,1993,248573,Salt-N-Pepa
927,927,Litty,In My Feelings,SweetSexySavage (Deluxe),52,2017,219596,Kehlani
928,928,Litty,HUMBLE.,DAMN.,83,2017,177000,Kendrick Lamar
929,929,Litty,Diddy Bop,Telefone,43,2016,208000,"Noname feat. Raury, Cam O'bi"
930,930,Litty,You Got Me,Things Fall Apart,65,1999,259306,Eve
931,931,Litty,Nothing Even Matters (feat. D'Angelo),The Miseducation of Lauryn Hill,60,1998,350533,D'Angelo
932,932,Litty,Juicy - 2005 Remaster,Ready to Die (The Remaster),75,1994,302760,The Notorious B.I.G.
933,933,"through the deep, dark valley",In Memoriam,"Through the Deep, Dark Valley",41,2012,182779,The Oh Hellos
934,934,"through the deep, dark valley",The Lament of Eustace Scrubb,"Through the Deep, Dark Valley",41,2012,245777,The Oh Hellos
935,935,"through the deep, dark valley",I Was Wrong,"Through the Deep, Dark Valley",34,2012,264657,The Oh Hellos
936,936,"through the deep, dark valley",I Have Made Mistakes,"Through the Deep, Dark Valley",43,2012,289500,The Oh Hellos
937,937,"through the deep, dark valley",The Truth Is a Cave,"Through the Deep, Dark Valley",37,2012,240651,The Oh Hellos
938,938,"through the deep, dark valley",The Valley (Reprise),"Through the Deep, Dark Valley",34,2012,175593,The Oh Hellos
939,939,"through the deep, dark valley",Cold Is The Night,The Oh Hellos EP,49,2011,195011,The Oh Hellos
940,940,"through the deep, dark valley",Hello My Old Heart,The Oh Hellos EP,64,2011,256006,The Oh Hellos
941,941,"through the deep, dark valley",Lay Me Down,The Oh Hellos EP,42,2011,183437,The Oh Hellos
942,942,"Christmas Collection, Vol. 1",Snow,"Christmas Collection, Vol. 1",30,2017,205392,Sleeping At Last
943,943,"Christmas Collection, Vol. 1","O, Holy Night","Christmas Collection, Vol. 1",27,2017,264734,Sleeping At Last
944,944,"Christmas Collection, Vol. 1",The Christmas Song,"Christmas Collection, Vol. 1",26,2017,209293,Sleeping At Last
945,945,"Christmas Collection, Vol. 1",I Heard the Bells,"Christmas Collection, Vol. 1",32,2017,173258,Sleeping At Last
946,946,"Christmas Collection, Vol. 1",It's the Most Wonderful Time of the Year,"Christmas Collection, Vol. 1",25,2017,157574,Sleeping At Last
947,947,"Christmas Collection, Vol. 1",Silent Night,"Christmas Collection, Vol. 1",26,2017,170666,Sleeping At Last
948,948,"Christmas Collection, Vol. 1",Christmas Is All Around,"Christmas Collection, Vol. 1",30,2017,174242,Sleeping At Last
949,949,"Christmas Collection, Vol. 1",Merry Little Christmas,"Christmas Collection, Vol. 1",32,2017,201409,Sleeping At Last
950,950,"Christmas Collection, Vol. 1",What Child Is This,"Christmas Collection, Vol. 1",25,2017,203772,Sleeping At Last
951,951,"Christmas Collection, Vol. 1",I'll Be Home for Christmas,"Christmas Collection, Vol. 1",30,2017,132339,Sleeping At Last
952,952,"Christmas Collection, Vol. 1",Cradle in Bethlehem,"Christmas Collection, Vol. 1",24,2017,171670,Sleeping At Last
953,953,"Christmas Collection, Vol. 1",Silver Bells,"Christmas Collection, Vol. 1",25,2017,182648,Sleeping At Last
954,954,"Christmas Collection, Vol. 1",White Christmas,"Christmas Collection, Vol. 1",29,2017,141817,Sleeping At Last
955,955,Your Top Songs 2017,Elohim,let there be light.,42,2016,269546,Hillsong Worship
956,956,Your Top Songs 2017,Your Glory / Nothing But The Blood - Live,Live,45,2013,537866,David Leonard
957,957,Your Top Songs 2017,Our Father,For the Sake of the World,46,2012,408826,Jenn Johnson
958,958,Your Top Songs 2017,Behold (Then Sings My Soul),let there be light.,50,2016,406173,Hillsong Worship
959,959,Your Top Songs 2017,Oceans (Where Feet May Fail),Zion,70,2013,536000,TAYA
960,960,Your Top Songs 2017,Never Stop - Live,Glory & Wonder,28,2016,236426,Mosaic MSC
961,961,Your Top Songs 2017,Great I Am - Live,You Hold It All (Live),47,2011,328933,Integrity's Hosanna! Music
962,962,Your Top Songs 2017,Prince Of Peace,Of Dirt And Grace (Live From The Land),48,2016,491573,TAYA
963,963,Your Top Songs 2017,Great Are You Lord,All Sons & Daughters,56,2014,296343,David Leonard
964,964,Your Top Songs 2017,Since Your Love (Live) [feat. Brandon Hampton],Simple Gospel (Live),42,2015,482386,Brandon Hampton
965,965,Your Top Songs 2017,Not Afraid - Live,Glory & Wonder,31,2016,289066,Mosaic MSC
966,966,Your Top Songs 2017,We Will Not Be Shaken - Live,We Will Not Be Shaken (Live),44,2015,332604,Brian Johnson
967,967,Your Top Songs 2017,Be Enthroned - Live,Have It All (Live),49,2016,485396,Jeremy Riddle
968,968,Your Top Songs 2017,Here as in Heaven,Here As In Heaven,58,2016,499506,Elevation Worship
969,969,Your Top Songs 2017,You're the Only One,Age to Age,40,2014,337459,Moriah Hazeltine
970,970,Your Top Songs 2017,Scandal of Grace (I'd Be Lost) - By An Empty Tomb Not Far From Golgotha,Of Dirt And Grace (Live From The Land),41,2016,438185,Hillsong UNITED
971,971,Your Top Songs 2017,To My Knees (Live),Youth Revival,39,2016,473293,Hillsong Young & Free
972,972,Your Top Songs 2017,No Longer Slaves (Spontaneous) - Live,We Will Not Be Shaken (Live),62,2015,373691,Melissa Helser
973,973,Your Top Songs 2017,Lead Me To The Cross,All Of The Above,54,2007,258626,Brooke Ligertwood
974,974,Your Top Songs 2017,O Come to the Altar (Live),Here As In Heaven,67,2016,349586,Elevation Worship
975,975,Your Top Songs 2017,Be Still My Soul,Hymns Sampler,34,2012,239213,Page CXVI
976,976,Your Top Songs 2017,For Your Glory - Live,Grace (Live/Deluxe),52,2013,406440,Tasha Cobbs Leonard
977,977,Your Top Songs 2017,It Is Well - Live,You Make Me Brave (Live),61,2014,385053,Kristene DiMarco
978,978,Your Top Songs 2017,Even When It Hurts (Praise Song),Empires,43,2015,378400,TAYA
979,979,Your Top Songs 2017,"Take the World, but Give Me Jesus","Take the World, but Give Me Jesus",31,2010,326133,Ascend The Hill
980,980,Your Top Songs 2017,Where You Are,Youth Revival,34,2016,209720,Hillsong Young & Free
981,981,Your Top Songs 2017,Nobody Greater,Triumphant,38,2011,369160,VaShawn Mitchell
982,982,Your Top Songs 2017,Awesome,Awesome (Remixes),50,2013,348773,Charles Jenkins & Fellowship Chicago
983,983,Your Top Songs 2017,Give Me Faith,Kingdom Come,52,2010,294800,Elevation Worship
984,984,Your Top Songs 2017,What A Beautiful Name,What A Beautiful Name,65,2017,240200,Brooke Ligertwood
985,985,Your Top Songs 2017,Great & Mighty,Memoirs Of A Worshipper,24,2012,608893,Byron Cage
986,986,Your Top Songs 2017,My Testimony,I Win,43,2012,625293,Marvin Sapp
987,987,Your Top Songs 2017,I Smile,Hello Fear,56,2011,307973,Kirk Franklin
988,988,Your Top Songs 2017,Here Now (Madness) - By An Empty Tomb Just Beyond The City Walls,Of Dirt And Grace (Live From The Land),42,2016,453706,Hillsong UNITED
989,989,Your Top Songs 2017,Your Love Is Strong,Limbs & Branches,44,2008,309840,Jon Foreman
990,990,Your Top Songs 2017,Let The Church Say Amen - Radio Edit,Let The Church Say Amen (Radio Edit),49,2011,294813,Marvin Winans
991,991,Your Top Songs 2017,King of My Heart,You Are the Avalanche,48,2015,295720,Sarah McMillan
992,992,Your Top Songs 2017,Resurrecting (Live),Here As In Heaven,57,2016,467053,Elevation Worship
993,993,Your Top Songs 2017,Hosanna,All Of The Above,60,2007,330360,Brooke Ligertwood
994,994,Your Top Songs 2017,Open Heaven (River Wild),OPEN HEAVEN / River Wild,48,2015,449384,Hannah Hobbs
995,995,Your Top Songs 2017,The Best In Me,Here I Am,48,2010,514306,Marvin Sapp
996,996,Your Top Songs 2017,Rose-Colored Boy,After Laughter,66,2017,212853,Paramore
997,997,Your Top Songs 2017,Never Would Have Made It,Thirsty,54,2007,415133,Marvin Sapp
998,998,Your Top Songs 2017,Imagine Me,Hero,51,2005,318840,Kirk Franklin
999,999,Your Top Songs 2017,Sinking Deep,This Is Living,54,2015,248360,Hillsong Young & Free
1000,1000,Your Top Songs 2017,Live in the Wonderful,Live in the Wonderful,18,2016,294617,Lakewood Music
1001,1001,Your Top Songs 2017,Put A Praise On It - Live,One Place Live,44,2015,376666,Kierra Sheard
1002,1002,Your Top Songs 2017,Looking for a Savior (feat. Will Reagan),Looking for a Savior,41,2016,398560,Will Reagan
1003,1003,Your Top Songs 2017,You Carried Me,Tell All My Friends,40,2017,277021,United Pursuit
1004,1004,Your Top Songs 2017,Faithful Is Our God,The Very Best of Praise & Worship: Songs of Praise for The Family,18,2008,445133,Love Fellowship Choir
