playlist_name,track_name,album_name,popularity,release_date,duration
current nov22,26,26,31,2022-06-01,188376
current nov22,For You,Song For Our Daughter,51,2020-04-10,237228
current nov22,Erotic,Antisocial,3,2022-06-21,337914
current nov22,Unlearn Me,Unlearn Me,23,2021-09-10,192540
current nov22,You Look So Good In Love,Right Or Wrong,53,1983-01-01,193560
current nov22,Jealous of Paris,Jealous of Paris,57,2022-04-28,141639
current nov22,Lover Boy,You Do Not Have To Be Good,55,2022-08-05,119645
current nov22,Give Me A Minute,Give Me A Minute,59,2020-08-13,157493
current nov22,The Walls Are Way Too Thin,The Walls Are Way Too Thin,55,2021-11-12,221933
current nov22,Es Demasiado Tarde - Remasterizado,La Reina Canta A Mexico,50,2006-10-31,251666
current nov22,The Giver,The Giver,58,2022-10-21,227209
current nov22,Before the World Was Big,Before The World Was Big,47,2015-06-02,141190
current nov22,Can I Call You Rose?,Can I Call You Rose?,56,2020-03-03,188512
current nov22,Touch Me,Riot Of The Kelly Green Love,29,2021-10-27,160601
current nov22,Shark Smile - Edit,Shark Smile (Edit),62,2017-05-08,194760
current nov22,Umacashelana,Umacashelana,25,2021-08-31,125573
current nov22,Nonsense,emails i can't send,78,2022-07-15,163648
current nov22,Build a Bitch,Build a Bitch,75,2021-05-14,122772
current nov22,Kisua Ki Ngui Fuá,Soul of Angola: Anthologie De La Musique Angolaise 1965 - 1975,18,1905-06-23,204720
current nov22,Very Few Friends,Very Few Friends,75,2022-11-07,132500
current nov22,La loi de Murphy,Brol,49,2018-10-05,195173
current nov22,Means Something,Give Me A Minute,48,2020-08-13,144631
current nov22,Big Boss (Interlude),JAGUAR,59,2020-08-07,91249
current nov22,Air So Sweet,Build A Problem,57,2021-05-07,65300
wedding playlist 2,"Baby, I Love You",Presenting the Fabulous Ronettes Featuring Veronica,43,1964-11-01,171466
wedding playlist 2,"Baby, I Love You",End of the Century (Expanded 2005 Remaster),58,1980-02-04,224560
wedding playlist 2,I Wanna Be Your Boyfriend - 2016 Remaster,Ramones (40th Anniversary Deluxe Edition; 2016 Remaster),48,1976-04-23,144306
wedding playlist 2,Be My Baby,Presenting the Fabulous Ronettes Featuring Veronica,67,1964-11-01,160906
wedding playlist 2,Friday I'm in Love,Wish,68,1992-04-21,214400
wedding playlist 2,Do You Realize??,Yoshimi Battles the Pink Robots,59,2002-05-13,213173
wedding playlist 2,I Melt with You,After the Snow,61,1982-01-25,251573
wedding playlist 2,Just like Heaven,"Kiss Me, Kiss Me, Kiss Me",68,1987-05-25,212000
wedding playlist 2,Here Comes Your Man,Doolittle,69,1989-04-17,201186
wedding playlist 2,God Only Knows - Mono / 1997 Remastered,Pet Sounds (Original Mono & Stereo Mix Versions),67,1966-06-16,173040
coming of age online,Missed the Boat,We Were Dead Before The Ship Even Sank,57,2007-03-20,264813
coming of age online,Every Other Freckle,Every Other Freckle,28,2014-08-13,216004
coming of age online,Float On,Good News For People Who Love Bad News,72,2004-04-05,208466
coming of age online,Dashboard,We Were Dead Before The Ship Even Sank,62,2007-03-20,246173
coming of age online,In the Aeroplane Over the Sea,In the Aeroplane Over the Sea,65,1998-02-20,202346
coming of age online,"Holland, 1945",In the Aeroplane Over the Sea,58,1998-02-20,192533
coming of age online,Communist Daughter,In the Aeroplane Over the Sea,52,1998-02-20,117306
coming of age online,Oh Comely,In the Aeroplane Over the Sea,49,1998-02-20,498146
coming of age online,King of Carrot Flowers Pts. 2 & 3,In the Aeroplane Over the Sea,50,1998-02-20,186280
coming of age online,Two-Headed Boy,In the Aeroplane Over the Sea,53,1998-02-20,266106
coming of age online,"Flightless Bird, American Mouth",The Shepherd's Dog,68,2007-09-25,241917
coming of age online,Heart It Races - Cover Version,Heart It Races,3,2007-06-05,233128
coming of age online,First Day Of My Life,"I'm Wide Awake, It's Morning",1,2005-01-25,188800
coming of age online,Cough Syrup,Young The Giant (Special Edition),70,1905-07-03,249520
coming of age online,White Winter Hymnal,Fleet Foxes,60,2008-06-09,147026
coming of age online,Do You Realize??,Yoshimi Battles the Pink Robots,59,2002-05-13,213173
coming of age online,"Yoshimi Battles the Pink Robots, Pt. 1",Yoshimi Battles the Pink Robots,57,2002-05-13,287506
coming of age online,Oblivion,Visions,68,2012-02-21,251266
coming of age online,Lua,"I'm Wide Awake, It's Morning",59,2005-01-25,271600
coming of age online,I And Love And You,I And Love And You,60,2009-01-01,300840
coming of age online,Blood Bank,Blood Bank,0,2009-01-20,285160
coming of age online,No One's Gonna Love You,Cease To Begin,59,2007-10-09,217333
coming of age online,The Blower's Daughter,O,52,2003-06-03,286653
coming of age online,Sleeping Ute,Shields,38,2012-09-17,275317
coming of age online,There Is a Light That Never Goes Out - 2011 Remaster,The Queen Is Dead,79,1986-06-16,244586
coming of age online,Fidelity,Begin to Hope (Special Edition),50,2006-06-13,226680
coming of age online,Re: Stacks,"For Emma, Forever Ago",0,2008-02-19,401413
coming of age online,Sea of Love,The Covers Record,62,2000-03-21,139466
coming of age online,The District Sleeps Alone Tonight - Remastered,Give Up (Deluxe 10th Anniversary Edition),53,2003-02-19,283746
coming of age online,I Will Follow You into the Dark,Plans,65,2005-08-29,189186
coming of age online,Transatlanticism,Transatlanticism (10th Anniversary Edition),55,1905-06-25,475093
coming of age online,What Sarah Said,Plans,44,2005-08-29,380866
coming of age online,Such Great Heights,Give Up,50,2003-02-19,266346
coming of age online,A Movie Script Ending,The Photo Album,42,2001-10-09,259480
coming of age online,Dear Avery,The King Is Dead,30,2011-01-18,291925
coming of age online,You're a Wolf,Leaves in the River,52,2007-09-25,215560
coming of age online,Middle Distance Runner,Leaves in the River,40,2007-09-25,207666
coming of age online,The Garden That You Planted,Get to the River Before It Runs Too Low,32,2007-05-08,241773
coming of age online,Land Locked Blues,"I'm Wide Awake, It's Morning",45,2005-01-25,347933
coming of age online,Lisztomania,Wolfgang Amadeus Phoenix,47,2009-05-25,241640
coming of age online,40 Day Dream - 2019 - Remaster,Up From Below (10th Anniversary Edition) [2019 - Remaster],55,2009-07-07,232690
coming of age online,Oxford Comma,Vampire Weekend,0,2008-01-29,195733
coming of age online,Cape Cod Kwassa Kwassa,Vampire Weekend,50,2008-01-29,214706
coming of age online,The Kids Don't Stand a Chance,Vampire Weekend,45,2008-01-29,243000
coming of age online,Diplomat's Son,Contra,44,2010-01-12,361373
coming of age online,Young Lion,Modern Vampires of the City,37,2013-05-13,105360
coming of age online,Hannah Hunt,Modern Vampires of the City,53,2013-05-13,237973
coming of age online,Unbelievers,Modern Vampires of the City,59,2013-05-13,202666
coming of age online,Mykonos,First Collection 2006-2009,63,2018-11-09,275306
coming of age online,Oliver James,Fleet Foxes,43,2008-06-03,203866
to lay on the floor,Eloise,Finch,60,2019-08-02,168712
to lay on the floor,La Lune,Writing of Blues and Yellows (Deluxe Version),61,2016-09-23,187266
to lay on the floor,Mice,Feeding Seahorses by Hand,52,2019-04-26,244260
dance,Criminal,Criminal,75,2017-09-01,232549
dance,Lova Lova (feat. Duncan Mighty),Lova Lova (feat. Duncan Mighty),41,2018-08-02,218253
dance,Countdown,4,62,2011-06-24,212146
dance,"thank u, next","thank u, next",22,2018-11-03,207333
dance,Chunky,24K Magic,69,2016-11-17,186973
dance,Leave The Door Open,An Evening With Silk Sonic,83,2021-11-11,242096
dance,Summer on You,Summer on You,59,2018-06-21,205791
dance,"Do It (feat. Doja Cat, City Girls & Mulatto) [Remix]","Do It (feat. Doja Cat, City Girls & Mulatto) [Remix]",59,2020-09-04,255180
dance,No Drama,No Drama,11,2020-03-13,176253
dance,Angel Baby,Angel Baby,80,2021-09-09,220779
dance,Meet Me At Our Spot,THE ANXIETY,79,2020-03-13,162680
dance,Waffle House,Black Like This,28,2020-11-13,204806
dance,Sneaky Link,Nobody Knows,39,2021-07-14,222337
dance,No R&B (feat. Ann Marie),Public Displays Of Affection,41,2021-11-19,214263
dance,Have Mercy,Have Mercy,72,2021-09-10,148778
dance,NASA,"thank u, next",65,2019-02-08,182000
dance,Berna,Flavour of Africa,45,2020-12-04,238576
dance,No Copia,No Copia,47,2020-06-04,175338
dance,Favorito,Favorito,66,2020-03-26,211613
dance,Girlfriend,Girlfriend,61,2020-06-23,177438
dance,Magic In The Hamptons (feat. Lil Yachty),Magic In The Hamptons (feat. Lil Yachty),73,2018-06-08,164640
dance,Safaera,YHLQMDLG,79,2020-02-29,295176
dance,Yo Perreo Sola,YHLQMDLG,78,2020-02-29,172127
dance,Callaita,Callaita,79,2019-05-31,250533
dance,Arcoíris,Colores,54,2020-03-19,186693
dance,Find Someone Like You,#NAME?,44,2019-08-16,206465
dance,Still Not Falling,Timeshare,0,2013-10-29,251640
dance,Felices los 4,Felices los 4,1,2017-04-21,229848
dance,Julia,Leave What's Lost Behind,43,2020-01-24,205413
dance,To Noise Making (Sing),"Wasteland, Baby!",51,2019-03-01,206920
dance,Do Whatcha Wanna,25th Anniversary,35,2008-01-01,192680
dance,Wraith Pinned to the Mist and Other Games,The Sunlandic Twins,54,2005-04-12,255613
dance,Holy Ghost,Cocoa Sugar,36,2018-03-09,152654
dance,Young Americans - Original Single Edit,Legacy (Deluxe Edition),21,2016-11-11,193693
dance,I Fought the Law,Hits Back,58,2013-08-26,163240
dance,Katchua,Katchua,55,2018-10-24,229433
dance,Suzanna,Midnight Train,42,2020-06-05,230787
dance,Djadja,NAKAMURA,69,2018-11-02,171133
dance,Don't Pull Your Love,Greatest Hits,38,1994-11-22,162026
dance,Can I Kick It?,People's Instinctive Travels and the Paths of Rhythm (25th Anniversary Edition),69,1990-04-17,251573
dance,Liballa,Liballa,44,2018-05-18,288574
dance,Jenevah,H E L I O S.,45,2018-07-27,260000
dance,La métisse,Zulu,26,2013-09-13,231253
dance,Jowo,A Better Time,58,2020-11-12,176470
dance,Nobody,Nobody,49,2020-03-06,145860
dance,Definition,Mos Def & Talib Kweli Are Black Star,58,1998-09-29,206493
dance,Sunday Candy,Surf,63,2015-06-30,226013
dance,The Light,Go! Common Classics,52,2010-05-11,243586
dance,Hypnotize,Life After Death (Deluxe Version),0,1997-03-04,230053
dance,11-Jul,BEYONCÉ [Platinum Edition],68,2014-11-24,213506
currents,Hypotheticals,Obviously,58,2021-03-12,230178
currents,Bring it on Home to Me (feat. Charlie Bereal),Bring it on Home to Me (feat. Charlie Bereal),52,2021-04-23,201600
currents,Nine in the Afternoon - Single Mix,Pretty. Odd.,62,2008-03-21,191560
currents,Grows Old,Cold Heart,51,2018-03-09,236293
currents,Anything For You,Prepare The Preparations,42,2010-01-01,203386
currents,Let's Get Married,Gone Now,55,2017-06-02,186053
currents,Julia,Leave What's Lost Behind,43,2020-01-24,205413
currents,Holy,HEAVN,0,2017-08-15,192400
currents,For Island Fires and Family,Dermot Kennedy,54,2019-01-04,285644
currents,You're Too Precious,You're Too Precious,51,2020-04-24,223900
wedding playlist,"Ultimate - From ""Freaky Friday""/Soundtrack Version",Freaky Friday,54,2003-01-01,186866
wedding playlist,Happy Together,Weezer (Teal Album),49,2019-01-24,145640
a love letter to little me,"If We Were A Movie - From ""Hannah Montana""/Soundtrack Version",Hannah Montana,56,2006-01-01,183293
a love letter to little me,Life's What You Make It,Hannah Montana 2 (Original Soundtrack),45,2007-06-26,188466
a love letter to little me,One In a Million,Hannah Montana 2 (Original Soundtrack),52,2007-06-26,235400
a love letter to little me,He Could Be the One,Hannah Montana 3,66,2009-01-01,180800
a love letter to little me,Ready or Not,Hello My Name Is...,71,2012-01-01,200946
a love letter to little me,Hey There Delilah,All That We Needed,79,2005-01-01,232533
a love letter to little me,Who Says,When The Sun Goes Down,75,2011-01-01,195613
a love letter to little me,Potential Breakup Song,Insomniatic,67,2007-01-01,219773
a love letter to little me,So Yesterday,Metamorphosis,57,2003-01-01,215333
a love letter to little me,"Ultimate - From ""Freaky Friday""/Soundtrack Version",Freaky Friday,54,2003-01-01,186866
a love letter to little me,Stick to the Status Quo,High School Musical,56,2006-01-01,268413
a love letter to little me,Beautiful Soul,Beautiful Soul,71,2004-01-01,214226
a love letter to little me,Do You Believe In Magic,Into The Rush,44,2005-01-01,134066
a love letter to little me,Our Song,Taylor Swift,71,2006-10-24,201106
a love letter to little me,"The Best of Both Worlds - From ""Hannah Montana""/Soundtrack Version",Hannah Montana,63,2006-01-01,174120
a love letter to little me,Walking On Sunshine,Into The Rush,49,2005-01-01,233733
a love letter to little me,Don't Go Breakin' My Heart - Original Version,Ella Enchanted,42,2004-01-01,190066
a love letter to little me,Picture To Burn,Taylor Swift,67,2006-10-24,173066
a love letter to little me,Mandy,It's About Time,28,2006-08-08,168480
a love letter to little me,Teardrops On My Guitar - Radio Single Remix,Taylor Swift,66,2006-10-24,203040
a love letter to little me,If That's Not Love,The Naked Brothers Band,38,2007-10-09,134146
a love letter to little me,Long Distance,The Naked Brothers Band,25,2007-10-09,240693
a love letter to little me,Thinking Of You,One Of The Boys,13,2008-06-17,246410
a love letter to little me,Big Girls Don't Cry (Personal),The Dutchess,9,2006-09-13,268120
a love letter to little me,I'm Only Me When I'm With You,Taylor Swift,57,2006-10-24,213053
a love letter to little me,7 Things - Single Version,Breakout,62,2008-01-01,213453
a love letter to little me,If We Were A Movie,Hannah Montana 3,49,2009-01-01,184360
a love letter to little me,Burnin' Up,A Little Bit Longer,68,2008-08-12,175093
a love letter to little me,Lovebug,A Little Bit Longer,62,2008-08-12,220693
You are safe,Ooh Child,Ooh Child,29,2017-11-01,163844
You are safe,All to Me,Spectrum,19,2018-02-09,446240
You are safe,Uneven Odds,Atlas: I,41,2014-07-08,341049
You are safe,Life,Atlas: II,42,2019-11-01,270321
You are safe,Daughter,Atlas: II,40,2019-11-01,244708
You are safe,Sight,Atlas: II,34,2019-11-01,249555
You are safe,Joy,Atlas: II,32,2019-11-01,193725
You are safe,Here Comes The Sun,Live At The Cellar Door and at the Santa Monica Civic Auditorium,58,1905-05-25,254000
ATL w/Melissa,Kick It to Me,The Good Life,0,2018-07-10,387600
ATL w/Melissa,"Hey Stupid, I Love You","Hey Stupid, I Love You",64,2020-06-25,181000
ATL w/Melissa,Hypotheticals,Obviously,58,2021-03-12,230178
ATL w/Melissa,the author,the author,61,2020-09-18,217213
ATL w/Melissa,You're Too Precious,You're Too Precious,51,2020-04-24,223900
ATL w/Melissa,Breakfast In Bed,1-800-HIT-EAZY,37,2021-02-12,180937
ATL w/Melissa,Hocus Pocus,Year One,39,2018-05-11,218363
ATL w/Melissa,Over (When We Said Goodbye),Cold Heart,45,2018-03-09,210586
ATL w/Melissa,Good Kisser,Free Yourself Up,60,2018-05-04,218493
ATL w/Melissa,Colors,Black Pumas,0,2019-06-21,246586
ATL w/Melissa,Better Days,Better Days,44,2020-12-03,198600
To listen to 8/2,Don't Lose Sight,Hotel TV,56,2021-07-23,208066
To listen to 8/2,Hotel TV,Hotel TV,37,2021-07-23,217160
To listen to 8/2,Jet Lag,Hotel TV,34,2021-07-23,226106
To listen to 8/2,Casualty,Hotel TV,48,2021-07-23,143893
To listen to 8/2,Freckles,Hotel TV,43,2021-07-23,189413
To listen to 8/2,Thoughts From the ER (Silver Lining),Hotel TV,32,2021-07-23,262373
To listen to 8/2,It's Not All About You,Hotel TV,47,2021-07-23,151320
To listen to 8/2,Don't Move,Hotel TV,31,2021-07-23,180906
To listen to 8/2,It's Gonna Be Me (feat. Brasstracks),Hotel TV,39,2021-07-23,203653
To listen to 8/2,The Weather,Hotel TV,44,2021-07-23,169093
To listen to 8/2,False Alarms (with Jon Bellion),Hotel TV,48,2021-07-23,240133
To listen to 8/2,Figure It Out (A Song Between Siblings),Hotel TV,31,2021-07-23,248293
To listen to 8/2,Stupid Deep,Glory Sound Prep,58,2018-11-09,178176
To listen to 8/2,False Alarms (with Jon Bellion),False Alarms (with Jon Bellion),39,2021-07-22,240133
To listen to 8/2,Hand Of God - Outro,The Human Condition,50,2016-06-10,337551
To listen to 8/2,JT,Glory Sound Prep,47,2018-11-09,268466
To listen to 8/2,Couples Retreat,Glory Sound Prep,42,2018-11-09,208697
To listen to 8/2,Pre-Occupied,The Definition,41,2014-09-23,267794
To listen to 8/2,Human,The Definition,47,2014-09-23,205268
To listen to 8/2,Simple & Sweet,The Definition,49,2014-09-23,171868
To listen to 8/2,Ooh,The Definition,47,2014-09-23,219227
To listen to 8/2,Luxury,The Definition,49,2014-09-23,243458
To listen to 8/2,Dead Man Walking,Translations Through Speakers,50,2013-02-20,196840
for dancing,Trouble,Me and My Uke,56,2009-11-03,145906
for dancing,Stacy's Mom,Welcome Interstate Managers,74,2003-01-01,197986
for dancing,Absolutely (Story of a Girl) - Radio Mix,The Madding Crowd,67,2000-05-16,189333
for dancing,Ohio (Come Back To Texas),A Hangover You Don't Deserve,53,1905-06-26,230560
for dancing,High School Never Ends - Main Version - Explicit,The Great Burrito Extortion Case,62,1905-06-28,209040
for dancing,She's A Lady,Underdog Alma Mater,52,2008-01-01,240040
for dancing,1985,A Hangover You Don't Deserve,70,1905-06-26,193000
for dancing,Dirty Little Secret,Move Along,70,2005-01-01,193653
for dancing,Gives You Hell,When The World Comes Down,70,2008-01-01,213106
for dancing,Story of a Girl,The 90s Rocked My Heart,40,2015-12-11,187218
for dancing,"Sugar, We're Goin Down",From Under The Cork Tree,77,2005-05-03,229093
for dancing,Move Along,Move Along,67,2005-01-01,238880
for dancing,I Melt With You,Goes to the Movies (Expanded Edition),42,2005-11-15,241440
for dancing,"Dear Maria, Count Me In","So Wrong, It's Right",76,2007-09-25,182826
for dancing,Sk8er Boi,Let Go,76,2002-06-04,204000
for dancing,All The Small Things,Enema Of The State,81,1999-06-01,167066
for dancing,In Too Deep,"All Killer, No Filler",74,2001-01-01,207093
for dancing,Mr. Brightside,Hot Fuss,85,1905-06-26,222973
for dancing,Jane Doe,What Is Love?,37,1905-07-02,115146
for dancing,piggy bank,Harmony,27,2010-08-23,94200
for dancing,first dance,Harmony,40,2010-08-23,129773
for dancing,trampoline,Harmony,32,2010-08-23,144840
for dancing,sweet perfection,Harmony,35,2010-08-23,109053
for dancing,Hummingbird,The Summer EP,33,2009-06-19,185173
for dancing,Can't Stand It,What Is Love?,45,1905-07-02,170560
for dancing,Kiss Me Slowly,The Way It Was,59,2011-01-01,235813
for dancing,Two Is Better Than One (feat. Taylor Swift),Love Drunk,66,2009-09-07,242840
for dancing,Say You Like Me,Sunshine State of Mind,53,2011-07-12,210645
for dancing,Love Like Woe,"I'm Alive, I'm Dreaming (Deluxe)",54,2010-06-14,200453
for dancing,Thnks fr th Mmrs,Infinity On High,77,2007-01-01,203506
for dancing,It Ends Tonight,Move Along,59,2005-01-01,244826
for dancing,Hero / Heroine - Tom Lord-Alge Mix,Boys Like Girls,48,1905-06-28,232240
for dancing,That's What You Get,Riot!,69,2007-06-11,220480
for dancing,Goodnight Moon,Do Overs And Second Chances,52,2010-01-01,306186
for dancing,Rhythm Of Love,Wonders Of The Younger,61,2010-01-01,200200
for dancing,Everywhere,The Spirit Room,65,2001-07-31,214826
for dancing,Breathe,Hotel Paper,56,2003-06-24,211773
for dancing,Are You Happy Now?,Hotel Paper (Deluxe Edition),32,2003-06-24,230760
for dancing,Over My Head (Cable Car),How To Save A Life,69,2005-09-13,236266
for dancing,Do It 2 Me,All the Way,43,2011-09-27,200053
for dancing,Mr Wonderful,All the Way,33,2011-09-27,200093
for dancing,When You Were Young,Sam's Town,76,2006-09-27,220426
for dancing,Human,Day & Age (Bonus Tracks),74,2008-11-18,245373
for dancing,Sam's Town,Sam's Town,54,2006-09-27,246026
doin' the naughty,Do I Wanna Know?,AM,87,2013-09-09,272394
doin' the naughty,American Daydream,Mondo,47,2012-01-01,168626
doin' the naughty,Retrograde,Overgrown,63,2013-04-08,223600
doin' the naughty,Wicked Games,Trilogy,74,2012-11-13,323746
doin' the naughty,505,Favourite Worst Nightmare (Standard Version),81,2007-04-24,253586
doin' the naughty,Sex And Candy,"Lunch, Recess & Detention",56,2012-01-01,172486
doin' the naughty,The Only Moment We Were Alone,The Earth Is Not a Cold Dead Place,0,2003-11-04,614200
doin' the naughty,Man,good to know,40,2020-05-01,173760
doin' the naughty,Breakfast In Bed,1-800-HIT-EAZY,37,2021-02-12,180937
"dont worry, you're doing just fine",Prologue,Dear,22,1905-07-02,79413
"dont worry, you're doing just fine",Anchor,Anchor,39,2010-08-10,193746
"dont worry, you're doing just fine",Patient Love - Acoustic,All the Little Lights (Deluxe Version),0,2013-02-17,199106
"dont worry, you're doing just fine",Honey Come Home,The Head and the Heart,0,2011-01-11,201293
"dont worry, you're doing just fine",Seaside,Inside In / Inside Out,48,2006-01-01,99226
"dont worry, you're doing just fine",Kill Monsters In The Rain,Trampoline,0,2007-01-01,237933
"dont worry, you're doing just fine",To Take You Home,Love Ire & Song,24,2009-05-18,229133
"dont worry, you're doing just fine",The Freshmen,Villains,61,1996-03-25,269466
"dont worry, you're doing just fine",What's Your Name,Mélange,0,2020-06-26,273453
"dont worry, you're doing just fine",I Was Made For Sunny Days,Be My Thrill (Deluxe),0,1905-07-02,193506
"dont worry, you're doing just fine",I Got,Young The Giant (Special Edition),42,1905-07-03,259773
"dont worry, you're doing just fine",Good As New,Gone,45,2012-03-20,204031
"dont worry, you're doing just fine",I Need A Life,"Red, Yellow & Blue",30,1905-06-30,206626
sing me to sleep,Can't Go Back Now,Hideaway,0,1905-06-30,137880
sing me to sleep,nothing,It's Got Four Sad Songs on It BTW,13,2012-05-25,221146
sing me to sleep,"Keep It Loose, Keep It Tight",Amos Lee,57,2005-01-01,188080
sing me to sleep,Sleeping Sickness,Sleeping Sickness,20,2008-05-27,250000
sing me to sleep,What Sarah Said,Plans,44,2005-08-29,380866
sing me to sleep,Yesterday - Remastered 2009,Help! (Remastered),76,1965-08-06,125666
sing me to sleep,You Are My Sunshine,Unearthed,56,2003-01-01,196733
sing me to sleep,Asleep - 2008 Remaster,The Sound of the Smiths (Deluxe; 2008 Remaster),43,2008-11-11,250280
Re-education: Bob Dylan,Like a Rolling Stone,Highway 61 Revisited,69,1965-08-30,369600
Re-education: Bob Dylan,Tomorrow Is a Long Time - Witmark Demo - 1962,The Witmark Demos: 1962-1964 (The Bootleg Series Vol. 9),38,1963-01-04,224853
Re-education: Bob Dylan,Things Have Changed - Single Version,Side Tracks,0,2016-11-25,307800
Re-education: Bob Dylan,Jokerman,Infidels,48,1983-11-01,376160
Re-education: Bob Dylan,Knockin' On Heaven's Door,Pat Garrett & Billy The Kid (Soundtrack From The Motion Picture),73,1973-07-13,149880
Re-education: Bob Dylan,Talkin' New York,Bob Dylan,33,1962-03-19,197653
Re-education: Bob Dylan,"It Takes a Lot to Laugh, It Takes a Train to Cry",Highway 61 Revisited,41,1965-08-30,245133
Re-education: Bob Dylan,Queen Jane Approximately,Highway 61 Revisited,43,1965-08-30,327466
Re-education: Bob Dylan,Highway 61 Revisited,Highway 61 Revisited,42,1965-08-30,205826
Re-education: Bob Dylan,Girl from the North Country,The Freewheelin' Bob Dylan,50,1963-05-27,199573
Re-education: Bob Dylan,"Don't Think Twice, It's All Right",The Freewheelin' Bob Dylan,65,1963-05-27,217400
Re-education: Bob Dylan,Blowin' in the Wind,The Freewheelin' Bob Dylan,68,1963-05-27,165426
Re-education: Bob Dylan,To Be Alone with You,Nashville Skyline,46,1969-04-09,127600
Re-education: Bob Dylan,Tonight I'll Be Staying Here with You,Nashville Skyline,51,1969-04-09,201133
Re-education: Bob Dylan,The Lonesome Death of Hattie Carroll,The Times They Are A-Changin',37,1964-01-13,345133
Re-education: Bob Dylan,The Times They Are A-Changin',The Times They Are A-Changin',66,1964-01-13,192053
Re-education: Bob Dylan,Black Crow Blues,Another Side Of Bob Dylan,28,1964-08-08,194706
Re-education: Bob Dylan,Ballad in Plain D,Another Side Of Bob Dylan,27,1964-08-08,497160
Re-education: Bob Dylan,I Shall Be Free No. 10,Another Side Of Bob Dylan,26,1964-08-08,288333
Re-education: Bob Dylan,She Belongs to Me,Bringing It All Back Home,49,1965-03-22,166706
Re-education: Bob Dylan,One Too Many Mornings,The Times They Are A-Changin',41,1964-01-13,157933
Re-education: Bob Dylan,Only a Pawn in Their Game,The Times They Are A-Changin',35,1964-01-13,209160
Re-education: Bob Dylan,Restless Farewell,The Times They Are A-Changin',31,1964-01-13,332706
Re-education: Bob Dylan,Make You Feel My Love,Time Out Of Mind,53,1997-09-30,211000
fearless,Fearless (Taylor’s Version),Fearless (Taylor's Version),70,2021-04-09,241591
fearless,Fifteen (Taylor’s Version),Fearless (Taylor's Version),67,2021-04-09,294419
fearless,Love Story (Taylor’s Version),Fearless (Taylor's Version),76,2021-04-09,235766
fearless,Hey Stephen (Taylor’s Version),Fearless (Taylor's Version),66,2021-04-09,254254
fearless,White Horse (Taylor’s Version),Fearless (Taylor's Version),66,2021-04-09,234515
fearless,You Belong With Me (Taylor’s Version),Fearless (Taylor's Version),79,2021-04-09,231124
fearless,Breathe (feat. Colbie Caillat) (Taylor’s Version),Fearless (Taylor's Version),64,2021-04-09,263377
fearless,Tell Me Why (Taylor’s Version),Fearless (Taylor's Version),62,2021-04-09,200575
fearless,You’re Not Sorry (Taylor’s Version),Fearless (Taylor's Version),64,2021-04-09,261842
fearless,The Way I Loved You (Taylor’s Version),Fearless (Taylor's Version),80,2021-04-09,243136
fearless,Forever & Always (Taylor’s Version),Fearless (Taylor's Version),68,2021-04-09,225328
fearless,The Best Day (Taylor’s Version),Fearless (Taylor's Version),61,2021-04-09,245290
fearless,Change (Taylor’s Version),Fearless (Taylor's Version),60,2021-04-09,279359
fearless,Jump Then Fall (Taylor’s Version),Fearless (Taylor's Version),62,2021-04-09,237580
fearless,Untouchable (Taylor’s Version),Fearless (Taylor's Version),63,2021-04-09,312107
fearless,Forever & Always (Piano Version) (Taylor’s Version),Fearless (Taylor's Version),62,2021-04-09,267833
fearless,Come In With The Rain (Taylor’s Version),Fearless (Taylor's Version),60,2021-04-09,237338
fearless,Superstar (Taylor’s Version),Fearless (Taylor's Version),59,2021-04-09,263865
fearless,The Other Side Of The Door (Taylor’s Version),Fearless (Taylor's Version),64,2021-04-09,238443
fearless,Today Was A Fairytale (Taylor’s Version),Fearless (Taylor's Version),62,2021-04-09,241822
fearless,You All Over Me (feat. Maren Morris) (Taylor’s Version) (From The Vault),Fearless (Taylor's Version),61,2021-04-09,220839
fearless,Mr. Perfectly Fine (Taylor’s Version) (From The Vault),Fearless (Taylor's Version),70,2021-04-09,277591
fearless,We Were Happy (Taylor’s Version) (From The Vault),Fearless (Taylor's Version),62,2021-04-09,244236
fearless,That’s When (feat. Keith Urban) (Taylor’s Version) (From The Vault),Fearless (Taylor's Version),64,2021-04-09,189495
fearless,Don’t You (Taylor’s Version) (From The Vault),Fearless (Taylor's Version),64,2021-04-09,208608
fearless,Bye Bye Baby (Taylor’s Version) (From The Vault),Fearless (Taylor's Version),62,2021-04-09,242157
fearless,Mr. Perfectly Fine (Taylor’s Version) (From The Vault),Mr. Perfectly Fine (Taylor’s Version) (From The Vault),71,2021-04-07,277591
fearless,You All Over Me (feat. Maren Morris) (Taylor’s Version) (From The Vault),You All Over Me (feat. Maren Morris) (Taylor’s Version) (From The Vault),59,2021-03-26,220839
Música do antigamente,La Musica en vérité,Legends of Benin (Analog Africa No. 5),27,2009-06-05,431733
Música do antigamente,Amante Bandido,Meus Momentos: Angela Maria,2,1994-01-01,232506
Música do antigamente,Quem É,20 Super Sucessos: Silvinho,23,2015-04-15,209032
Música do antigamente,Dale palo,"Carribean Merengues (1950 - 1960), Vol. 2",0,2011-09-02,168600
Música do antigamente,Meu Ex-Amor,Incomparável,4,1962-02-26,166426
Música do antigamente,Preparen Candela,Perlas Cubanas: Los Compadres,4,2015-04-22,175832
Música do antigamente,Dale palo,"Carribean Merengues (1950 - 1960), Vol. 2",0,2011-09-02,168600
Lina's spanish songs,Mientes Tan Bien,De Viaje,71,2003-10-01,227613
Lina's spanish songs,Mientes,Dejarte De Amar,73,2010-02-09,205160
Lina's spanish songs,Ojalá Pudiera Borrarte,Amar es Combatir,56,2006-08-22,296493
Lina's spanish songs,Todo Cambió,Todo Cambio,73,1905-06-28,193826
Lina's spanish songs,Bendita Tu Luz,Exiliados en la Bahia: Lo mejor de Mana (Correcta),0,2012-08-24,263880
Lina's spanish songs,Tu Amor Me Hace Bien - Salsa Version,Valio La Pena,70,2004-07-27,300160
Lina's spanish songs,Volverte A Ver,Mi Sangre,68,2004-01-01,217560
Lina's spanish songs,El Amor,El Patrón,2,2015-04-30,246800
Lina's spanish songs,Yo No Sé Mañana,Ciclos,74,2009-05-19,259853
Lina's spanish songs,Noviembre Sin Ti,Reik,58,2005-05-24,203226
Lina's spanish songs,La Botella,Desde Abajo,0,2005-01-01,179213
Lina's spanish songs,Causa Y Efecto,Gran City Pop (International Regular Deluxe Version),30,2009-01-01,205880
Lina's spanish songs,Mariposa Traicionera,Six Pack: Maná - EP,60,2010-03-16,264599
Lina's spanish songs,Me Enamora,La Vida Es Un Ratico En Vivo,0,2008-01-01,192613
Lina's spanish songs,Ahora Quien - Salsa Version,Valio La Pena,64,2004-07-27,309586
Lina's spanish songs,Labios Compartidos,Amar es Combatir,51,2006-08-22,317626
Lina's spanish songs,A Dios Le Pido,Un Día Normal,71,2002-01-01,205373
Lina's spanish songs,Me Enamoré de Ti,No Hay Imposibles,63,2010-02-23,263666
Lina's spanish songs,Andar Conmigo,Si,71,2003-11-18,193373
Lina's spanish songs,Abrázame,Todo Cambio,63,1905-06-28,230720
Lina's spanish songs,Suelta Mi Mano,Mañana,66,2005-11-18,240306
Lina's spanish songs,Que Lloro,De Viaje,72,2003-10-01,240613
Lina's spanish songs,Volví a Nacer,Corazón Profundo (Versión Deluxe),66,2013-04-21,222213
Lina's spanish songs,Volverte A Ver,Mi Sangre 2005 Tour Edition,44,2005-01-01,217546
Lina's spanish songs,Yo No Soy Esa Mujer,Pau Factor,39,2013-01-01,225093
Lina's spanish songs,Vida de Rico,Vida de Rico,69,2020-09-21,187426
Lina's spanish songs,Si Tu Novio Te Deja Sola,Si Tu Novio Te Deja Sola,75,2017-03-03,243560
Lina's spanish songs,Ojala Que Llueva Café,Panete Salsa: Le Meilleur de la Musique Latine,43,2012-02-01,255666
Lina's spanish songs,A Puro Dolor - Balada,Son By 4,69,2000-05-23,210186
Lina's spanish songs,Atrévete-Te-Te,Calle 13 (Explicit Version),74,1905-06-27,239306
Lina's spanish songs,Alma Mia,Alma Mia (Versiones Vol. 1),28,2009-09-17,178026
Lina's spanish songs,Alma Mía (feat. Los Macorinos),"Musas (Un Homenaje al Folclore Latinoamericano en Manos de Los Macorinos), Vol. 2",52,2018-02-09,259586
Lina's spanish songs,Soledad y el Mar (feat. Los Macorinos),"Musas (Un Homenaje al Folclore Latinoamericano en Manos de Los Macorinos, Vol. 1)",68,2017-05-05,214546
Lina's spanish songs,El Instante Pasó,8,47,1905-07-07,261888
Lina's spanish songs,Amor Chiquitico,Tiempo,0,2013-05-20,216653
Lina's spanish songs,No Me Caigo Bien,Bálsamo,38,2017-08-11,93226
Lina's spanish songs,Palmar,Fruta (Vol. II),60,2015-06-16,193626
Lina's spanish songs,Es Por Ti,Un Día Normal,76,2002-01-01,250693
Lina's spanish songs,Amor del Bueno,Reyli En La Luna,74,2004-09-14,242026
Lina's spanish songs,Te Mando Flores,Corazón,71,2005-05-01,228680
Lina's spanish songs,Hypotheticals,Obviously,58,2021-03-12,230178
Lina's spanish songs,Llorarás,Una Dimensión De Éxitos,73,1996-01-17,228554
Lina's spanish songs,Dulcito e Coco - Recorded at Spotify Studios NYC,Spotify Singles,54,2018-05-09,182373
Lina's spanish songs,Rosas,París,66,2004-05-10,237026
lil's recs,Just Stay (feat. Def. & JUNNY) - 2021 Remaster,Scene #3,38,2021-03-31,164464
lil's recs,in December (sad night) (Feat. Def.),White,39,2020-12-18,277493
lil's recs,Cry For Love,Bambi - The 3rd Mini Album,63,2021-03-30,210893
lil's recs,Heartbreak Anniversary,TAKE TIME,83,2020-03-27,198370
lil's recs,Love Again,Delight - The 2nd Mini Album,59,2020-05-25,205293
lil's recs,Like I Want You,TAKE TIME,77,2020-03-27,260776
lil's recs,Leave The Door Open,Leave The Door Open,15,2021-03-05,242096
lil's recs,Kiss Me More (feat. SZA),Kiss Me More (feat. SZA),80,2021-04-09,208866
lil's recs,Ya Ya Ya,OBSESSION,47,2019-11-27,222040
lil's recs,Your Dog Loves You,Your Dog Loves You,10,2018-03-28,270003
lil's recs,Bambi,Bambi - The 3rd Mini Album,65,2021-03-30,213053
lil's recs,All I Got,Bambi - The 3rd Mini Album,52,2021-03-30,240360
right now,just like magic,Positions,68,2020-10-30,149900
right now,obvious,Positions,61,2020-10-30,146958
right now,pov,Positions,76,2020-10-30,201882
right now,shut up,Positions,59,2020-10-30,157710
right now,HIT EM WHERE IT HURTS,HIT EM WHERE IT HURTS,0,2020-09-18,165499
right now,Mmmh,KAI - The 1st Mini Album,70,2020-11-30,192346
right now,Amnesia,KAI - The 1st Mini Album,56,2020-11-30,178920
right now,SUPERBLOOM,SUPERBLOOM,67,2020-07-24,213546
right now,Let's Fall in Love for the Night,Let’s Fall In Love For The Night,54,2018-10-19,190348
right now,Light On,Heard It In A Past Life,66,2019-01-18,233880
right now,Vida de Rico,Vida de Rico,69,2020-09-21,187426
right now,Share Your Address,Sing To Me Instead,54,2019-03-29,182466
right now,Reason,KAI - The 1st Mini Album,56,2020-11-30,173906
right now,Hello Stranger,KAI - The 1st Mini Album,52,2020-11-30,168253
right now,off the table (with The Weeknd),Positions,65,2020-10-30,239949
right now,six thirty,Positions,59,2020-10-30,183874
our first dance,A Simple Friday Night,The World Doesn't Need Another Record,0,2016-01-22,214047
road to atl,"Baby, You Make Me Crazy",The Thrill Of It All (Special Edition),52,2017-11-03,207966
road to atl,No Judgement,No Judgement,55,2020-02-07,176283
road to atl,Carry Me Away,Carry Me Away,0,2019-09-06,159134
road to atl,Something Something,Something Something,17,2020-01-17,161532
road to atl,Georgia On My Mind,Georgia On My Mind,48,2018-10-01,204226
road to atl,Golden Hour,Golden Hour,64,2018-03-30,198453
road to atl,Treat People With Kindness,Fine Line,72,2019-12-13,197346
road to atl,First Began,Gumbo,48,2017-04-21,233056
road to atl,Have It Your Way,Have It Your Way,0,2019-03-11,265070
road to atl,Hocus Pocus,Year One,39,2018-05-11,218363
road to atl,If You Were the Rain,Undergrad Romance and the Moses in Me,54,2016-04-08,220588
road to atl,You Keep Me Waiting,FEELS,0,2017-10-20,267933
road to atl,Beyond,Good Thing,72,2018-05-04,240600
road to atl,Power On,Assume Form,0,2019-01-18,246400
road to atl,Are You In Love?,Assume Form,0,2019-01-18,197600
road to atl,Girls Love Beyonce,Even Closer To My Dreams,0,2017-10-06,225776
road to atl,All I Ask,25,0,2016-06-24,271800
road to atl,Ooh Child,Ooh Child,29,2017-11-01,163844
road to atl,Find Someone Like You,#NAME?,44,2019-08-16,206465
road to atl,None For You,None For You,0,2020-04-14,212690
road to atl,God Morning,Handle With Care,37,2020-07-17,203093
road to atl,Super Human,Handle With Care,23,2020-07-17,130883
road to atl,Still In Love - Acoustic,Cold Heart,49,2018-03-09,231533
road to atl,Birds,Birds,48,2020-07-10,218848
road to atl,This Will Be Our Year,Odessey and Oracle,41,1968-04-19,127733
road to atl,Go Thru Your Phone - Live,Gumbo Unplugged (Live),31,2018-03-09,268131
road to atl,Wildflowers,Wildflowers,67,1994-10-21,190320
road to atl,Where Do You Go,Where Do You Go,44,2019-08-09,237493
road to atl,Love Me Less (feat. Quinn XCII),Love Me Less (feat. Quinn XCII),63,2019-04-05,177669
road to atl,Dear Beloved,To All My Friends and Family,1,2018-01-19,246932
road to atl,Sunny Days,Building Balance,0,2019-11-08,190689
road to atl,Safaera,YHLQMDLG,79,2020-02-29,295176
road to atl,A Soft Place to Land,Waitress (Original Broadway Cast Recording),45,2016-06-03,177133
road to atl,I Want Crazy - Encore,Hunter Hayes (Encore),62,1905-07-03,236865
road to atl,This Will Be (An Everlasting Love) - 2003 Remaster,Natalie Cole Anthology,59,2003-01-01,171360
road to atl,Neon Moon,#1s ... and then some,71,2009-09-08,263760
road to atl,Red Dirt Road,Red Dirt Road,66,2003-07-15,260360
road to atl,Our Song,Taylor Swift,71,2006-10-24,201106
road to atl,Build It Better,Build It Better,50,2015-03-19,234473
road to atl,Wanted,Hunter Hayes (Encore),66,1905-07-03,228840
road to atl,Carrying Your Love With Me,Carrying Your Love With Me,68,1997-01-01,232426
road to atl,May I Have This Dance (Remix) [feat. Chance the Rapper],May I Have This Dance (Remix) [feat. Chance the Rapper],53,2017-05-18,195356
road to atl,All The Time,Bahamas is Afie,0,2014-08-19,234973
road to atl,Look What God Gave Her,Center Point Road,70,2019-05-31,168960
road to atl,Boyfriend,BTR,63,2010-10-11,201040
road to atl,Make Out With Me,GIRL,0,2019-03-08,136546
road to atl,Are You Even Real?,Are You Even Real?,51,2020-07-08,231807
road to atl,Can't Believe The Way We Flow,Assume Form,37,2019-01-18,267200
road to atl,(No One Knows Me) Like the Piano,Process,4,2017-02-03,218160
road to atl,Crush,David Archuleta,67,2008-11-11,213520
Apt. 435,Here Comes the Sun,Here Comes The Sun (Expanded Edition),55,1905-05-24,214093
Apt. 435,Holocene,Bon Iver,0,2011-06-21,336613
Apt. 435,This Will Be Our Year,Odessey and Oracle,41,1968-04-19,127733
Apt. 435,Wildflowers,Wildflowers,67,1994-10-21,190320
Apt. 435,Build It Better,Build It Better,50,2015-03-19,234473
Apt. 435,Ooh Child,Ooh Child,29,2017-11-01,163844
Apt. 435,Birds,Birds,48,2020-07-10,218848
Apt. 435,I Shall Cross This River,Reverence for Fallen Trees,0,2009-08-21,201040
Apt. 435,LET'S STAY HOME TONIGHT,H A R D L O V E,55,2016-07-15,200120
Apt. 435,Time,Promised Land,44,2015-05-28,347853
Apt. 435,Bridges,Moonlight,45,2019-04-19,216315
Apt. 435,Promises,Maverick City Vol. 3 Part 1,1,2020-04-17,646239
Apt. 435,Man of Your Word,Maverick City Vol. 3 Part 1,0,2020-04-17,542193
march to aug '20,No Drama,No Drama,11,2020-03-13,176253
march to aug '20,I Really Love Ya,I Really Love Ya,0,2017-03-31,203676
march to aug '20,Woman,Woman,0,2019-10-04,154783
march to aug '20,A God Who Sees (Me & Lucy),"A Table Full of Strangers, Vol. 2",41,2018-01-01,111173
march to aug '20,Spring,Spring,25,2020-01-10,246584
march to aug '20,Say What You Want (I Like Who I Am),Say What You Want (I Like Who I Am),10,2020-04-24,180066
march to aug '20,Rich,Before The Sun Goes Down,11,2018-08-17,177400
march to aug '20,Only 1,My Everything (Deluxe),55,2014-08-25,193986
march to aug '20,LET'S STAY HOME TONIGHT,H A R D L O V E,55,2016-07-15,200120
march to aug '20,Christ The Lord Is with Me (with Amanda Lindsey Cook & Wonder Grace Gretzinger),Forever Amen,47,2020-03-27,266826
march to aug '20,No One Ever Cared for Me Like Jesus,Forever Amen,55,2020-03-27,293440
march to aug '20,Let's Get Married,Gone Now,55,2017-06-02,186053
to my future daughter or son,Light,Atlas: I,59,2014-07-08,262533
to my future daughter or son,Life,Atlas: II,42,2019-11-01,270321
to my future daughter or son,Everything Changes,Waitress (Original Broadway Cast Recording),44,2016-06-03,182146
to my future daughter or son,A God Who Sees (Me & Lucy),"A Table Full of Strangers, Vol. 2",41,2018-01-01,111173
the great escape,Georgia,Dream Your Life Away (Special Edition),65,2014-09-09,230506
the great escape,Hot Heavy Summer,Another Friday Night / Hot Heavy Summer / Sister,53,2018-09-13,229291
disney!!!!!!!!!!!!!,"I Won't Say (I'm In Love) - From ""Hercules"" / Soundtrack Version",Disney's Greatest Volume 1,62,2001-01-01,140093
disney!!!!!!!!!!!!!,I'll Make a Man Out of You,Mulan (Original Soundtrack),71,1998-01-01,201680
disney!!!!!!!!!!!!!,"Be Prepared - From ""The Lion King"" / Soundtrack Version",The Lion King,61,1994-01-01,220213
disney!!!!!!!!!!!!!,A Whole New World,Aladdin Special Edition,67,2004-01-01,160800
disney!!!!!!!!!!!!!,How Far I'll Go,Moana (Original Motion Picture Soundtrack/Deluxe Edition),72,2016-11-18,163386
disney!!!!!!!!!!!!!,"Can You Feel the Love Tonight - From ""The Lion King"" / Soundtrack Version",The Lion King,61,1994-01-01,177786
disney!!!!!!!!!!!!!,"The Bare Necessities - From ""The Jungle Book""/Soundtrack Version",Disney's Greatest Volume 2,42,2001-01-01,291693
disney!!!!!!!!!!!!!,I Wan'na Be Like You (The Monkey Song),The Jungle Book,56,1997-01-01,279453
disney!!!!!!!!!!!!!,Baloo's Blues,The Jungle Book,27,1997-01-01,182933
disney!!!!!!!!!!!!!,Part of Your World,The Little Mermaid: Original Broadway Cast Recording,49,2008-02-26,204573
disney!!!!!!!!!!!!!,"Part of Your World (from ""The Little Mermaid"") - From ""The Little Mermaid"" / Soundtrack Version",The Little Mermaid Greatest Hits,42,2013-01-01,193533
disney!!!!!!!!!!!!!,"Kiss the Girl - From ""The Little Mermaid""/ Soundtrack Version",Disney's Greatest Volume 1,46,2001-01-01,163666
disney!!!!!!!!!!!!!,You'll Be In My Heart,Tarzan Original Soundtrack,0,1999-01-01,258146
disney!!!!!!!!!!!!!,Strangers Like Me,Tarzan Original Soundtrack,0,1999-01-01,180533
disney!!!!!!!!!!!!!,"I Just Can't Wait to Be King - From ""The Lion King""/Soundtrack Version",The Lion King,70,1994-01-01,170880
disney!!!!!!!!!!!!!,"Hakuna Matata - From ""The Lion King""/Soundtrack",The Lion King,71,1994-01-01,213600
disney!!!!!!!!!!!!!,"A Dream Is a Wish Your Heart Makes - From ""Cinderella""/Soundtrack Version",Disney's Greatest Volume 2,46,2001-01-01,276306
disney!!!!!!!!!!!!!,"So This Is Love - From ""Cinderella""",Disney Princess: The Ultimate Song Collection,54,2004-01-01,92600
disney!!!!!!!!!!!!!,"A Spoonful of Sugar - From ""Mary Poppins"" / Soundtrack Version",Mary Poppins,54,1997-01-01,249040
disney!!!!!!!!!!!!!,"Supercalifragilisticexpialidocious - From ""Mary Poppins""/Soundtrack Version",Mary Poppins,46,1997-01-01,123026
disney!!!!!!!!!!!!!,"You Can Fly! You Can Fly! You Can Fly! - From ""Peter Pan""/Soundtrack Version",Disney's Greatest Volume 1,34,2001-01-01,265413
disney!!!!!!!!!!!!!,He Mele No Lilo,Lilo & Stitch,64,2002-01-01,148133
disney!!!!!!!!!!!!!,"Poor Unfortunate Souls - From ""The Little Mermaid"" / Soundtrack Version",Disney's Greatest Vol. 3,31,2002-08-20,291133
disney!!!!!!!!!!!!!,"For the First Time in Forever - From ""Frozen""/Soundtrack Version",Frozen (Original Motion Picture Soundtrack / Deluxe Edition),68,2013-01-01,225080
disney!!!!!!!!!!!!!,"Do You Want to Build a Snowman? - From ""Frozen""/Soundtrack Version",Frozen (Original Motion Picture Soundtrack / Deluxe Edition),69,2013-01-01,206506
disney!!!!!!!!!!!!!,"Love Is an Open Door - From ""Frozen""/Soundtrack Version",Frozen (Original Motion Picture Soundtrack / Deluxe Edition),69,2013-01-01,124733
disney!!!!!!!!!!!!!,"I See the Light - From ""Tangled"" / Soundtrack Version",Tangled,68,2010-01-01,224240
disney!!!!!!!!!!!!!,"That's How You Know - From ""Enchanted""/Soundtrack Version",Enchanted,64,2007-01-01,228960
disney!!!!!!!!!!!!!,"True Love's Kiss - From ""Enchanted""/ Soundtrack Version",Enchanted,49,2007-01-01,192853
disney!!!!!!!!!!!!!,Shiny,Moana (Original Motion Picture Soundtrack/Deluxe Edition),63,2016-11-18,185466
disney!!!!!!!!!!!!!,You're Welcome,Moana (Original Motion Picture Soundtrack/Deluxe Edition),73,2016-11-18,163893
disney!!!!!!!!!!!!!,Zero To Hero,Hercules (Original Motion Picture Soundtrack),0,1997-01-01,140573
disney!!!!!!!!!!!!!,A Girl Worth Fighting For,Mulan (Original Soundtrack),62,1998-01-01,146053
disney!!!!!!!!!!!!!,"You've Got a Friend in Me - From ""Toy Story""/Soundtrack Version",Toy Story,69,1995-01-01,124160
disney!!!!!!!!!!!!!,"Ev'rybody Wants to Be a Cat - From ""The Aristocats""",Disney Classics,0,2013-01-01,121293
disney!!!!!!!!!!!!!,"""Ten Minutes Ago""",Rodgers + Hammerstein's Cinderella (Original Broadway Cast),0,2013-05-07,172506
disney!!!!!!!!!!!!!,"Circle of Life - From ""The Lion King""/ Soundtrack",The Lion King,65,1994-01-01,239146
disney!!!!!!!!!!!!!,Go the Distance,Hercules (Original Motion Picture Soundtrack),0,1997-01-01,194160
disney!!!!!!!!!!!!!,Under the Sea,The Little Mermaid Special Edition,68,2006-01-01,195146
disney!!!!!!!!!!!!!,"Colors of the Wind - From ""Pocahontas"" / Soundtrack Version",Pocahontas,64,1995-01-01,214400
disney!!!!!!!!!!!!!,"Happy Working Song - From ""Enchanted"" / Soundtrack Version",Enchanted,59,2007-01-01,129613
disney!!!!!!!!!!!!!,The Gospel Truth I / Main Titles - Hercules,Hercules (Original Motion Picture Soundtrack),0,1997-01-01,145639
disney!!!!!!!!!!!!!,Honor To Us All,Mulan (Original Soundtrack),59,1998-01-01,183200
disney!!!!!!!!!!!!!,Your Crowning Glory,The Princess Diaries 2: Royal Engagement,42,2004-01-01,162546
disney!!!!!!!!!!!!!,"Some Day My Prince Will Come - From ""Snow White and the Seven Dwarfs"" / Soundtrack Version",Disney Princess: The Ultimate Song Collection,42,2004-01-01,114253
disney!!!!!!!!!!!!!,"Once Upon a Dream - From ""Sleeping Beauty"" / Soundtrack Version",Disney's Greatest Volume 1,48,2001-01-01,167013
disney!!!!!!!!!!!!!,"On My Way - From ""Brother Bear""/Soundtrack Version",Brother Bear,58,2003-01-01,220293
disney!!!!!!!!!!!!!,Hawaiian Roller Coaster Ride,Lilo & Stitch,66,2002-01-01,208226
disney!!!!!!!!!!!!!,"Almost There - From ""The Princess and the Frog"" / Soundtrack Version",The Princess and the Frog,0,2009-01-01,144426
disney!!!!!!!!!!!!!,"Belle - From ""Beauty and the Beast""/Soundtrack Version",Beauty and the Beast,54,1991-01-01,309133
feb '20,All I've Ever Known,Hadestown (Original Broadway Cast Recording),53,2019-07-26,243331
feb '20,Georgia On My Mind,Georgia On My Mind,48,2018-10-01,204226
feb '20,C-Side,C-Side,0,2020-01-15,283406
feb '20,56,Living Liturgies,37,2016-04-28,331684
feb '20,Let's Get Married - MTV Unplugged,MTV Unplugged,33,2017-11-10,183653
feb '20,High Fashion (feat. Mustard),Please Excuse Me for Being Antisocial,72,2019-12-06,220486
feb '20,Annemarie,Santa Barbara Soul Music,31,2019-03-03,238236
feb '20,Addicted,Addicted,15,2019-08-02,243761
feb '20,Something Something,Something Something,17,2020-01-17,161532
feb '20,Consider Me,Building Balance,0,2019-11-08,184952
feb '20,IVORY,IVORY,29,2019-08-18,229471
feb '20,Lay It Down,Building Balance,0,2019-11-08,176522
feb '20,What Have I Done,Without Fear,55,2019-10-04,217081
feb '20,The Corner,Without Fear,43,2019-10-04,201326
feb '20,Girl - Acoustic,Girl (Acoustic),0,2018-08-17,211881
feb '20,You Bring Me Joy,You Bring Me Joy,21,2019-04-17,148148
feb '20,Mama,Mama,33,2019-05-10,162506
feb '20,Aren't You Lovely,Aren't You Lovely,0,2018-10-09,209333
feb '20,Daydream,Foreword,38,2013-01-01,240532
feb '20,No Judgement,No Judgement,55,2020-02-07,176283
feb '20,Ohio,Live for Home,36,2019-11-22,233980
that new new country,Dear Rodeo,Ain't Nothin' to It,62,2019-01-18,254653
that new new country,Ride With Me,A Different Day,57,2011-10-31,215600
that new new country,Dance Her Home,Cowboy Like Me,67,2014-01-14,174680
that new new country,Diamond In My Pocket,A Different Day,68,2011-10-31,196906
that new new country,Me and My Kind,Cowboy Like Me,70,2014-01-14,156200
that new new country,With You I Am,Gotta Be Me,66,2016-08-05,220893
that new new country,Nothin' on You,Ain't Nothin' to It,63,2019-01-18,260466
that new new country,On My Way to You,Ain't Nothin' to It,64,2019-01-18,213306
that new new country,Good as You,Experiment Extended,65,2019-11-01,192053
that new new country,Beer Can’t Fix,Center Point Road,67,2019-05-31,209733
that new new country,One Man Band,Old Dominion,0,2019-01-18,186520
that new new country,Look What God Gave Her,Center Point Road,70,2019-05-31,168960
that new new country,Marry Me,Life Changes (Big Machine Radio Release Special),50,2017-09-08,206226
that new new country,Golden Hour,Golden Hour,64,2018-03-30,198453
that new new country,Make Out With Me,GIRL,0,2019-03-08,136546
that new new country,GIRL,GIRL,0,2019-03-08,250653
that new new country,To Hell & Back,GIRL,0,2019-03-08,195586
that new new country,Blessed,Center Point Road,57,2019-05-31,214173
that new new country,Made For You,Greetings From...Jake,68,2019-03-29,238400
that new new country,Neon Moon - with Kacey Musgraves,Reboot,65,2019-04-05,278200
that new new country,Don't Let Her,Don't Let Her,55,2019-05-17,193753
that new new country,Prayed For You,Everywhere But On,62,2019-10-25,210373
that new new country,She's Like Texas,She's Like Texas,54,2010-02-16,235253
when you realize you’re both in love,Intro,My Everything (Deluxe),50,2014-08-25,79840
when you realize you’re both in love,Consider Me,Building Balance,0,2019-11-08,184952
when you realize you’re both in love,Jore,Jore,0,2020-01-30,176326
when you realize you’re both in love,Let's Get Married,Gone Now,55,2017-06-02,186053
when you realize you’re both in love,Everywhere - 2017 Remaster,Tango In the Night (Deluxe Edition),77,1987-04-13,226653
when you realize you’re both in love,golden thing,golden thing,57,2019-10-18,219300
when you realize you’re both in love,IVORY,IVORY,29,2019-08-18,229471
when you realize you’re both in love,Find Someone Like You,#NAME?,44,2019-08-16,206465
when you realize you’re both in love,Are You Even Real?,Are You Even Real?,51,2020-07-08,231807
jan '20,comethru,"summer,",78,2018-09-28,181613
jan '20,So Good Looking,So Good Looking,26,2019-06-21,203285
jan '20,The Box,Please Excuse Me for Being Antisocial,80,2019-12-06,196652
jan '20,Intro,Let's Go Sunshine,0,2018-08-31,20583
jan '20,Face To Face,Free Time,61,2019-09-13,203746
jan '20,Adiza,Adiza,28,2019-12-06,190654
jan '20,Fear of Failure,Fear of Failure,11,2019-12-06,222960
jan '20,Treat People With Kindness,Fine Line,72,2019-12-13,197346
jan '20,"Water, Fall","Water, Fall",37,2019-09-15,257720
jan '20,Have It Your Way,Have It Your Way,0,2019-03-11,265070
jan '20,Praying for a Little Rain,Praying for a Little Rain,36,2019-05-31,248010
jan '20,Run Away With Me (Live),The Radio in My Head: Live at 54 Below,32,2013-09-05,209146
jan '20,Honeybee,Living Mirage,65,2019-05-17,196055
jan '20,Yummy,Yummy,68,2020-01-03,210426
jan '20,Watermelon Sugar,Watermelon Sugar,7,2019-11-17,174000
jan '20,You Belong With Me,Fearless,70,2008-11-11,231133
summer2019,GIRL,GIRL,0,2019-03-08,250653
summer2019,To Those Who Wait,To Those Who Wait - Live EP,29,2012-03-16,359199
summer2019,You Don't Mess Around With Jim,You Don't Mess Around With Jim,0,1972-01-01,183066
summer2019,Soledad y el Mar (feat. Los Macorinos),"Musas (Un Homenaje al Folclore Latinoamericano en Manos de Los Macorinos, Vol. 1)",68,2017-05-05,214546
summer2019,The Bones,GIRL,1,2019-03-08,197293
summer2019,Prayed for You,Last of the Best,0,2018-03-16,211546
summer2019,Alma Mía (feat. Los Macorinos),"Musas (Un Homenaje al Folclore Latinoamericano en Manos de Los Macorinos), Vol. 2",52,2018-02-09,259586
summer2019,(No One Knows Me) Like the Piano,Process,4,2017-02-03,218160
summer2019,Look What God Gave Her,Look What God Gave Her,0,2019-03-01,168214
summer2019,Trust,Happiness Begins,42,2019-06-07,180600
summer2019,Love Her,Happiness Begins,56,2019-06-07,193133
summer2019,Mess,Mess,0,2019-03-01,212826
summer2019,DOLLAR,DOLLAR,56,2019-07-10,203486
summer2019,Chunky,24K Magic,69,2016-11-17,186973
summer2019,Jesus In LA,Jesus In LA,0,2019-07-16,172606
summer2019,Cariño Mío,Cariño Mío,43,2019-07-26,197106
Angola 70's,Uaué Mua N'gola,Música de Angola e Meregues,4,2014-09-29,258346
Angola 70's,Imperalismo,Memórias,2,1905-06-29,261640
Angola 70's,Massanga Mama,Angola Soundtrack: The Unique Sound of Luanda: 1968-1976 (Analog Africa No. 9),8,2010-11-22,761826
Angola 70's,Eu Vou Voltar,Memórias,4,1905-06-24,424053
Angola 70's,Lamento de Angélica,Angola Anos d'Ouro: Reviver David Zé,5,2015-09-28,265320
Angola 70's,Imbua I Boza,N´gola Binga Cuá Zambi,0,1905-05-23,156640
Angola 70's,Kía lumingo,Soul of Angola: Anthologie De La Musique Angolaise 1965 - 1975,5,1905-06-23,205653
Angola 70's,Mona Ku Jimbe Manheno,40 Anos a Cantar Angola,1,2016-01-15,218200
Angola 70's,Kisua Ki Ngui Fua,Reviver Vol.1,6,1905-06-20,206133
Angola 70's,Gajageira,Mulundo,2,1905-07-03,255773
Angola 70's,Mama Ku Dilé,Angola Anos D´ouro Reviver,1,1905-06-02,180066
Angola 70's,Rebita,Angola Maravilha,11,1905-06-19,402991
Angola 70's,Kadika Zeka,Angola Anos D´ouro Reviver,1,1905-06-02,177853
Angola 70's,Mana,Soul of Angola: Anthologie De La Musique Angolaise 1965 - 1975,10,1905-06-23,202333
Angola 70's,Kamba Ba Laumba,Soul of Angola: Anthologie De La Musique Angolaise 1965 - 1975,7,1905-06-23,235226
Angola 70's,Guerrilheiro do Musseke,Proibido Ouvir Isso,0,1905-07-03,282200
Angola 70's,Tia,Soul of Angola: Anthologie De La Musique Angolaise 1965 - 1975,13,1905-06-23,227960
Angola 70's,Dioguito,Estou de Volta,15,1905-07-05,256372
Angola 70's,Malananza,Música de Angola e Meregues,2,2014-09-29,145626
Angola 70's,Kapuete Kamundanda,Paulo Flores e Amigos Vol.1,0,1905-07-04,294922
Angola 70's,Kalumba,N´gola Binga Cuá Zambi,3,1905-05-23,182640
Angola 70's,Comboio,Angola Soundtrack: The Unique Sound of Luanda: 1968-1976 (Analog Africa No. 9),14,2010-11-22,213560
Angola 70's,Chofer de Praça,Soul of Angola: Anthologie De La Musique Angolaise 1965 - 1975,13,1905-06-23,211933
Angola 70's,Ela É Boa,Picante Vol. 4,11,1905-07-03,315146
Angola 70's,Esse Teu Jeito,Guilherme Silva,4,2015-07-14,258306
Angola 70's,Kunanga de Amor,Kandongueiro Voador,0,2017-10-28,262000
Angola 70's,Coisas da Terra,Best Of,27,2016-07-18,414000
Angola 70's,Merengue de S. António,Música de Angola e Meregues,10,2014-09-29,151706
Angola 70's,Dilangue,Rebita (Analog Africa Dance Edition No. 4),3,1905-07-05,218320
Angola 70's,Lale Os Jovens do Prenda,Música de Angola e Meregues,3,2014-09-29,220626
Angola 70's,Maria do Castelo,Maria do Castelo,0,2017-01-25,263705
Angola 70's,Beijo Rainha,Por Amor,36,2016-09-30,238773
Angola 70's,Maria Dia Pambala,N´gola Binga Cuá Zambi,2,1905-05-23,314640
Angola 70's,Matutar Na Cachimónia,Best Of,15,2016-07-18,246000
Angola 70's,Quando Fui a Benguela,Quando Fui a Benguela (Série Sodad - Vol. 5),7,2015-01-22,209133
Angola 70's,Canto de Rua,Best Of,5,2016-07-18,288000
Angola 70's,N'Zambi,Soul of Angola: Anthologie De La Musique Angolaise 1965 - 1975,7,1905-06-23,203053
Angola 70's,Kandengue Atrevido,Kandengue Atrevido,19,2013-07-07,255294
Angola 70's,Cusas Di Coraçon,Intelectual,19,2001-11-13,362560
Angola 70's,Povo que lavas no rio,Asas fechadas,0,1905-05-15,302826
Angola 70's,Kalumba,N´gola Binga Cuá Zambi,3,1905-05-23,182640
Angola 70's,Mama Ku Dilé,Angola Anos D´ouro Reviver,1,1905-06-02,180066
Angola 70's,Gaivotas em terra,Minha alma de amor sedenta,0,1972-01-01,192080
Angola 70's,Nha Segredo,Intelectual,10,2001-11-13,334800
Angola 70's,Conbersa Co Deus,Nós Morna,15,1997-11-10,352666
Angola 70's,Canter de Felicidade,As Melhores Mornas de Sempre,2,1980-01-01,508573
Angola 70's,Canter de Felicidade,As Melhores Mornas de Sempre,2,1980-01-01,508573
Angola 70's,Cusas Di Coraçon,Intelectual,19,2001-11-13,362560
Angola 70's,Matutar Na Cachimónia,Best Of,15,2016-07-18,246000
Angola 70's,Poema do Semba,Recompasso,0,1905-06-21,301505
Worship,Oceans (Where Feet May Fail),Zion (Deluxe Edition),66,2013-02-26,535962
Worship,Captain,Empires,43,2015-05-26,331373
Worship,Imagine Me,Hero,51,2005-10-03,318840
Worship,For Your Glory - Live,Grace (Live/Deluxe),52,2013-02-01,406440
Worship,Awesome,The Best Of Both Worlds,0,2012-01-01,349146
Worship,I Smile,Hello Fear,56,2011-03-21,307973
Worship,Good Good Father,Good Good Father,50,2015-10-02,297146
Worship,Let The Church Say Amen - Radio Edit,Let The Church Say Amen (Radio Edit),50,2011-09-06,294813
Worship,Even When It Hurts (Praise Song),Empires,42,2015-05-26,378400
Worship,Here Now (Madness) - Live,Of Dirt And Grace (Live From The Land),39,2016-07-15,453706
Worship,Prince Of Peace - Live,Of Dirt And Grace (Live From The Land),45,2016-07-15,491573
Worship,Lead Me To The Cross,All Of The Above,55,1905-06-29,258626
Worship,Hosanna,All Of The Above,54,1905-06-29,330360
Worship,To My Knees - Live,Youth Revival (Live),39,2016-02-26,473293
Worship,Where You Are - Radio Version,Youth Revival (Live),31,2016-02-26,207920
Worship,O Come to the Altar (Live),Here As In Heaven,67,2016-02-05,349586
Worship,Here as in Heaven,Here As In Heaven,58,2016-02-05,499506
Worship,Jesus I Come,Wake Up The Wonder,45,2014-11-25,351054
Worship,No Longer Slaves (Live),We Will Not Be Shaken (Live),0,2015-01-27,373691
Worship,It Is Well (Live),You Make Me Brave (Live),0,2014-04-21,385053
Worship,We Will Not Be Shaken (Live),We Will Not Be Shaken (Live),0,2015-01-27,332604
Worship,Our Father,For the Sake of the World,0,2012-10-02,408826
Worship,Be Enthroned (Live),Have It All (Live),0,2016-03-11,485396
Worship,How Beautiful (Live),Glory & Wonder,43,2016-09-16,416080
Worship,Tremble - Live,Glory & Wonder,60,2016-09-16,309093
Worship,May God Be Everywhere I Go - Live,Glory & Wonder,32,2016-09-16,326453
Worship,Not Afraid - Live,Glory & Wonder,31,2016-09-16,289066
Worship,Great I Am - Live,You Hold It All (Live),47,2011-04-12,328933
Worship,Scandal of Grace (I'd Be Lost) - By An Empty Tomb Not Far From Golgotha,Of Dirt And Grace (Live From The Land),0,2016-07-15,438185
Worship,Great Are You Lord,All Sons & Daughters,56,2014-05-04,296343
Worship,Your Glory / Nothing But The Blood - Live,Live,45,2013-04-21,537866
Worship,Never Would Have Made It,Thirsty,54,2007-07-03,415133
Worship,The Best In Me,Here I Am,48,2010-03-16,514306
Worship,My Testimony,I Win,43,2012-03-30,625293
Worship,Great & Mighty,Memoirs Of A Worshipper,24,2012-06-15,608893
Worship,Give Me Faith,Kingdom Come,52,2010-09-07,294800
Worship,Your Love Is Strong,Spring,0,2008-03-25,309840
Worship,Nobody Greater - Live,Triumphant (Live),0,2010-08-06,369160
Worship,What A Beautiful Name,What A Beautiful Name,64,2017-01-06,238200
Worship,Resurrecting (Live),Here As In Heaven,56,2016-02-05,467053
Worship,Since Your Love (Live) [feat. Brandon Hampton],Simple Gospel (Live),42,2015-08-14,482386
Worship,Put A Praise On It - Live,One Place Live,44,2015-08-21,376666
Worship,Faithful Is Our God,20/85 The Experience,41,1905-06-27,444933
Worship,Live in the Wonderful,Live in the Wonderful,18,2016-07-22,294617
Worship,Sinking Deep,This Is Living,0,2015-01-13,248360
Worship,Let There Be Light,let there be light.,0,2016-10-14,451946
Worship,King Of My Heart,You Are The Avalanche,0,2015-06-23,295719
Worship,In Control,let there be light.,0,2016-10-14,307520
Worship,Open Heaven (River Wild) - Live,OPEN HEAVEN / River Wild (Deluxe/Live),44,2015-10-16,449386
Worship,Came To My Rescue - Live,Yahweh (Live),25,2010-10-25,260453
PRAISE,You Carried Me,Tell All My Friends,39,2017-01-20,277021
PRAISE,Let You Go,Tell All My Friends,38,2017-01-20,246861
PRAISE,Not in a Hurry,Tell All My Friends,56,2017-01-20,291197
PRAISE,Need You More,Tell All My Friends,39,2017-01-20,290630
PRAISE,Speak to the Silence,Tell All My Friends,35,2017-01-20,260411
PRAISE,Feeling Low,Tell All My Friends,36,2017-01-20,407319
PRAISE,Lay It All Down,Tell All My Friends,52,2017-01-20,351760
PRAISE,I Can Tell,Tell All My Friends,32,2017-01-20,312911
PRAISE,Leave This House Singing,Tell All My Friends,32,2017-01-20,291203
PRAISE,Nothing Without You,Tell All My Friends,47,2017-01-20,282050
PRAISE,Be Thou My Vision,Rise Up Dead Men,0,2014-07-01,154592
PRAISE,Come Thou Fount,Rise Up Dead Men,0,2014-07-01,157570
PRAISE,For The Beauty Of The Earth,Rise Up Dead Men,0,2014-07-01,194716
PRAISE,Nothing But The Blood,Rise Up Dead Men,0,2014-07-01,214543
PRAISE,Softly And Tenderly,Rise Up Dead Men,0,2014-07-01,193541
PRAISE,I Need Thee Every Hour,Rise Up Dead Men,0,2014-07-01,175046
PRAISE,This Road,Rise Up Dead Men,0,2014-07-01,242259
PRAISE,Here and Now (feat. Will Reagan),Looking for a Savior,35,2016-08-26,270600
PRAISE,Every Cell (feat. Brock Human),Looking for a Savior,22,2016-08-26,292826
PRAISE,Oh How We Love You (feat. Will Reagan),Looking for a Savior,40,2016-08-26,330800
PRAISE,Awake My Soul (feat. Brock Human),Looking for a Savior,22,2016-08-26,287373
PRAISE,Looking for a Savior (feat. Will Reagan),Looking for a Savior,41,2016-08-26,398560
PRAISE,Are You Listening (feat. Brock Human),Looking for a Savior,34,2016-08-26,237667
PRAISE,Nothing I Hold on to (Live),Live at the Banks House,49,2010-11-11,376093
PRAISE,Voice That Stills the Raging Sea,All Things New,32,2014-07-08,382500
PRAISE,Do It Again,There Is a Cloud,65,2017-03-17,398333
PRAISE,God I Look to You,God I Look to You,28,2014-07-23,278936
PRAISE,Light Will Dawn,All Things New,23,2014-07-08,211000
PRAISE,Arise,All Things New,23,2014-07-08,269999
PRAISE,Hidden (Live) [feat. Will Reagan],Simple Gospel (Live),44,2015-08-14,394186
PRAISE,Head to the Heart (Live),Simple Gospel (Live),43,2015-08-14,320400
PRAISE,Your Love Changes Everything (Live) [feat. Brock Human],Simple Gospel (Live),36,2015-08-14,307853
PRAISE,Simple Gospel (Live),Simple Gospel (Live),51,2015-08-14,360000
PRAISE,Met by Love (Live),Simple Gospel (Live),41,2015-08-14,329920
PRAISE,You're All Around Me (Spontaneous) [Live] (feat. Andrea Marie),Simple Gospel (Live),33,2015-08-14,132560
PRAISE,Let It Happen (Live) [feat. Andrea Marie],Simple Gospel (Live),42,2015-08-14,490453
PRAISE,Seasons Change (Live) [feat. Michael Ketterer],Simple Gospel (Live),42,2015-08-14,337000
PRAISE,Since Your Love (Live) [feat. Brandon Hampton],Simple Gospel (Live),42,2015-08-14,482386
PRAISE,Never Going Back (Live) [feat. Brock Human],Simple Gospel (Live),40,2015-08-14,543266
PRAISE,Rock of Ages,The Water & the Blood,0,2013-09-30,278080
PRAISE,I Surrender All,"Take the World, but Give Me Jesus",25,2010-09-14,286586
PRAISE,What Does It Sound Like,Without Words,0,2013-03-05,211360
PRAISE,"Jesus, We Love You (Live)",We Will Not Be Shaken (Live),0,2015-01-27,415079
PRAISE,How Deep the Father's Love,Sin,0,2011-08-30,301400
PRAISE,In Christ Alone,Asaph's Arrows,0,2012-02-28,284840
PRAISE,What Wondrous Love Is This?,Sin,0,2011-08-30,318013
PRAISE,Grace Alone,The Water & the Blood,0,2013-09-30,214266
PRAISE,Brokenness Aside,Season One,0,2012-03-13,352026
PRAISE,Come All You Weary,"The Alchemy Index, Vol. 3 & 4: Air & Earth",0,2008-04-15,248013
PRAISE,The Bridegroom,Take Everything,35,2012-07-20,319731
4/12/19,Looking for a Savior (feat. Will Reagan),Looking for a Savior,41,2016-08-26,398560
4/12/19,Voice That Stills the Raging Sea,All Things New,32,2014-07-08,382500
4/12/19,God I Look to You,God I Look to You,28,2014-07-23,278936
4/12/19,In Christ Alone,Asaph's Arrows,0,2012-02-28,284840
4/12/19,Relent (Reconstructed),In part,0,2017-08-11,331019
4/12/19,Rain,The Beauty Between,42,2017-08-18,217053
4/12/19,Soldier,Authenticity,0,2014-11-11,267573
4/12/19,Old You,Authenticity,0,2014-11-11,238253
4/12/19,Constant One,The Undoing,0,2014-08-25,266243
4/12/19,Divine / Sailing / Time / Hymn - Acoustic,Children of God Acoustic Sessions,0,2016-10-14,464400
4/12/19,Empty Me Out,There's a Light,44,2015-09-25,277675
4/12/19,Everything Is Yours,There's a Light,19,2015-09-25,222278
4/12/19,Benediction,Home,40,2015-04-07,249240
4/12/19,Inevitable,Look Up Child,0,2018-09-07,160586
4/12/19,It's Gonna Get Better,It's Gonna Get Better,0,2019-02-15,202960
4/12/19,Land Of The Living - EP Version,Land Of The Living EP,25,2013-12-02,264986
4/12/19,River,Coming Home,1,2015-06-15,238560
4/12/19,Daughter,Atlas: Life,24,2015-09-18,244012
4/12/19,Here Comes the Sun,Here Comes The Sun (Expanded Edition),55,1905-05-24,214093
4/12/19,Venus,Atlas: Space (Deluxe),35,2017-02-13,200562
4/12/19,Atlas: Joy,Atlas: Joy,18,2016-06-17,192519
4/12/19,Farther Along,Love & War & The Sea In Between,51,2011-07-15,304516
4/12/19,Ulysses,Love & War & The Sea In Between,40,2011-07-15,256893
4/12/19,Lessons From My Father,It's A New Dawn,16,2017-11-17,240906
4/12/19,To The End,Greater Things,44,2018-09-14,431933
4/12/19,D.R.A.M. Sings Special,Coloring Book,45,2016-05-27,101590
4/12/19,Ooh Child,Ooh Child,29,2017-11-01,163844
4/12/19,This Will Be Our Year,Odessey and Oracle,41,1968-04-19,127733
4/12/19,My Joy Is Complete (Reconstructed),In part,0,2017-08-11,266905
Current Plane Playlist,Power On,Assume Form,0,2019-01-18,246400
Current Plane Playlist,Hercules,The Blessed Unrest,36,2013-07-16,261839
Current Plane Playlist,Manhattan,The Blessed Unrest,45,2013-07-16,278546
Current Plane Playlist,A Little Bit of Faith,A Little Bit of Faith,45,2019-03-15,178676
Current Plane Playlist,Wildflowers,Wildflowers,67,1994-10-21,190320
Current Plane Playlist,Rose Of Sharon,Delta,0,2018-11-16,203700
Current Plane Playlist,I Am Light,SongVersation: Medicine,0,2017-06-30,223760
Current Plane Playlist,How Long?,Father of the Bride,41,2019-05-03,212253
Current Plane Playlist,Beloved,Delta,0,2018-11-16,265096
Current Plane Playlist,Guiding Light,Delta,0,2018-11-16,217633
Current Plane Playlist,42,Delta,0,2018-11-16,240938
Current Plane Playlist,I And Love And You,I And Love And You,60,2009-01-01,300840
Current Plane Playlist,First Day Of My Life,"I'm Wide Awake, It's Morning",1,2005-01-25,188800
Current Plane Playlist,Outnumbered,Outnumbered,66,2019-06-13,245699
Current Plane Playlist,Lost,Lost,54,2019-02-06,224305
Current Plane Playlist,Almost (Sweet Music),"Wasteland, Baby!",68,2019-03-01,217480
Current Plane Playlist,Hypotheticals,Obviously,58,2021-03-12,230178
Current Plane Playlist,Nine in the Afternoon - Single Mix,Pretty. Odd.,62,2008-03-21,191560
Current Plane Playlist,"You, Dear",This Thing Called Living,45,2019-05-30,187124
Current Plane Playlist,Grows Old,Cold Heart,51,2018-03-09,236293
Current Plane Playlist,The Box,The Box,0,2019-06-14,261095
Current Plane Playlist,Whatever We Feel,Whatever We Feel,0,2020-04-03,208965
Current Plane Playlist,Kick It to Me,The Good Life,0,2018-07-10,387600
Current Plane Playlist,Vida de Rico,Vida de Rico,69,2020-09-21,187426
Current Plane Playlist,six thirty,Positions,59,2020-10-30,183874
Current Plane Playlist,Anything For You,Prepare The Preparations,42,2010-01-01,203386
Current Plane Playlist,t r a n s p a r e n t s o u l feat. Travis Barker,t r a n s p a r e n t s o u l feat. Travis Barker,67,2021-04-27,168030
Current Plane Playlist,Henehene Kou‘aka,Finding ‘Ohana (Music from the Netflix Film),12,2021-01-29,125746
Current Plane Playlist,Share Your Address,Sing To Me Instead,54,2019-03-29,182466
Introducing:,D.R.A.M. Sings Special,Coloring Book,45,2016-05-27,101590
Introducing:,I Wish I Knew How It Would Feel to Be Free,The Very Best Of Nina Simone 1967-1972 - Sugar In My Bowl,44,1998-07-28,188893
Introducing:,Holy,HEAVN,0,2017-08-15,192400
Introducing:,Atlas: Six,Atlas: Six,31,2018-08-03,252833
Introducing:,For Island Fires and Family,Dermot Kennedy,54,2019-01-04,285644
Introducing:,Ooh Child,Ooh Child,29,2017-11-01,163844
Introducing:,Benediction,Home,40,2015-04-07,249240
Introducing:,"Wake up, Moving On",Florence (Original Soundtrack),0,2018-02-14,137277
florence,Florence,Florence (Original Soundtrack),0,2018-02-14,120500
florence,Adult Life,Florence (Original Soundtrack),0,2018-02-14,86500
florence,Memories,Florence (Original Soundtrack),0,2018-02-14,150000
florence,Music,Florence (Original Soundtrack),0,2018-02-14,104125
florence,Crash,Florence (Original Soundtrack),0,2018-02-14,132500
florence,First Dates,Florence (Original Soundtrack),0,2018-02-14,99375
florence,Dreams,Florence (Original Soundtrack),0,2018-02-14,86541
florence,Inspiration,Florence (Original Soundtrack),0,2018-02-14,151458
florence,Exploration,Florence (Original Soundtrack),0,2018-02-14,105875
florence,Groceries,Florence (Original Soundtrack),0,2018-02-14,146541
florence,Moving In,Florence (Original Soundtrack),0,2018-02-14,112666
florence,Happy Together,Florence (Original Soundtrack),0,2018-02-14,124479
florence,Routine,Florence (Original Soundtrack),0,2018-02-14,91750
florence,Erosion,Florence (Original Soundtrack),0,2018-02-14,115937
florence,Fight,Florence (Original Soundtrack),0,2018-02-14,133000
florence,Drifting,Florence (Original Soundtrack),0,2018-02-14,85124
florence,Moving Out,Florence (Original Soundtrack),0,2018-02-14,124041
florence,Fragments,Florence (Original Soundtrack),0,2018-02-14,83083
florence,Let Go,Florence (Original Soundtrack),0,2018-02-14,150124
florence,"Wake up, Moving On",Florence (Original Soundtrack),0,2018-02-14,137277
N/A,Maneater,H2O,0,1905-06-04,271893
N/A,Rich Girl,Bigger Than Both Of Us,75,1976-08-01,142786
N/A,You Make My Dreams (Come True),Voices,77,1905-06-02,190626
N/A,Lola,"Lola Versus Powerman and the Moneygoround, Pt. One",40,1970-11-27,241040
N/A,Baba O'Riley,Who's Next,0,1971-08-14,301560
N/A,Behind Blue Eyes,Who's Next,0,1971-08-14,223373
N/A,Walk On the Wild Side,Transformer,72,1972-12-01,254173
N/A,Strawberry Fields Forever - Remastered,Magical Mystery Tour (Remastered),0,1967-11-27,247320
N/A,Knockin' On Heaven's Door,Pat Garrett & Billy The Kid (Soundtrack From The Motion Picture),73,1973-07-13,149880
N/A,I Want To Hold Your Hand - Remastered 2015,1 (Remastered),0,2000-11-13,145746
N/A,A Hard Day's Night - Remastered,A Hard Day's Night (Remastered),0,1964-07-10,154200
N/A,Help! - Remastered,Help! (Remastered),0,1965-08-06,139560
N/A,I Want To Hold Your Hand - Live / Bonus Track,Live At The Hollywood Bowl,0,2016-09-09,149266
N/A,Romeo and Juliet,Making Movies,56,1980-10-17,361395
N/A,Message In A Bottle - Remastered 2003,Reggatta De Blanc,0,1979-10-02,290280
N/A,I'm On Fire,Born In The U.S.A.,74,1984-06-04,155880
N/A,Born in the U.S.A.,Born In The U.S.A.,73,1984-06-04,278680
N/A,Jack & Diane,American Fool,72,1905-06-04,254493
N/A,Free Fallin',Full Moon Fever,76,1989-01-01,256000
N/A,"Rocket Man (I Think It's Going To Be A Long, Long Time)",Honky Chateau,81,1972-05-19,281613
N/A,Come Together - Remastered 2009,Abbey Road (Remastered),76,1969-09-26,259946
N/A,(I Can't Get No) Satisfaction - Mono Version,Out Of Our Heads,76,1965-07-30,222813
N/A,Hey Jude - Remastered 2015,1 (Remastered),73,2000-11-13,425653
N/A,My Generation - Stereo Version,My Generation (Stereo Version),64,1965-12-03,198706
N/A,"Another Brick in the Wall, Pt. 2",The Wall,76,1979-11-30,238746
N/A,Comfortably Numb,The Wall,72,1979-11-30,382296
N/A,Crossroads - Live,Wheels Of Fire,57,1968-07-01,258466
N/A,Hey Joe,Are You Experienced,69,1967-05-12,210160
N/A,Little Wing,Axis: Bold As Love,72,1967-12-01,145746
N/A,Purple Haze,Are You Experienced,70,1967-05-12,170813
N/A,May This Be Love,Are You Experienced,48,1967-05-12,190226
N/A,Wouldn't It Be Nice - Remastered 2000 / Stereo Mix,Pet Sounds (Original Mono & Stereo Mix Versions),72,1966-06-16,153205
N/A,"Layla - Acoustic; Live at MTV Unplugged, Bray Film Studios, Windsor, England, UK, 1/16/1992; 2013 Remaster",Unplugged (Deluxe Edition),54,1992-08-25,289026
N/A,Yesterday - Remastered 2009,Help! (Remastered),76,1965-08-06,125666
N/A,Wish You Were Here,Wish You Were Here,76,1975-09-12,334743
N/A,Don't Stop Me Now - Remastered 2011,Jazz (Deluxe Remastered Version),73,1978-11-10,209413
N/A,Under Pressure - Remastered 2011,Hot Space (Deluxe Remastered Version),70,1982-05-03,248440
N/A,Another One Bites The Dust - Remastered 2011,The Game (Deluxe Remastered Version),72,1980-06-27,214653
N/A,There Is a Light That Never Goes Out - 2011 Remaster,The Queen Is Dead,79,1986-06-16,244586
N/A,Just like Heaven,"Kiss Me, Kiss Me, Kiss Me",68,1987-05-25,212000
N/A,Where Is My Mind?,Surfer Rosa (Remastered),1,1905-06-10,236973
N/A,Happy Together,Happy Together,75,1905-05-20,176293
N/A,"Folsom Prison Blues - Live at Folsom State Prison, Folsom, CA (1st Show) - January 1968",At Folsom Prison (Legacy Edition),0,1905-05-21,156426
N/A,Ring of Fire,Ring Of Fire: The Best Of Johnny Cash,71,1963-08-06,158426
N/A,Over the Hills and Far Away - 1990 Remaster,Houses of the Holy (1994 Remaster),0,1973-03-28,289360
N/A,The Rover - 1993 Remaster,Physical Graffiti (1994 Remaster),0,1975-02-24,336906
N/A,Immigrant Song - Remaster,Mothership (Remastered),56,1905-06-29,146746
N/A,She Loves You - Mono / Remastered,1 (Remastered),65,2000-11-13,140920
N/A,Can't Buy Me Love - Remastered 2009,A Hard Day's Night (Remastered),64,1964-07-10,131866
N/A,Pinball Wizard,Tommy,67,1969-05-23,180943
Roo Panes,A Message to Myself,Quiet Man,0,2018-06-15,323573
Roo Panes,My Sweet Refuge,Quiet Man,0,2018-06-15,281200
Roo Panes,Sketches of Summer,Quiet Man,0,2018-06-15,216080
Roo Panes,Ophelia,Quiet Man,0,2018-06-15,301173
Roo Panes,A Year in a Garden,Quiet Man,0,2018-06-15,240680
Roo Panes,My Narrow Road,Quiet Man,0,2018-06-15,324000
Roo Panes,A Gift to You,Quiet Man,0,2018-06-15,308240
Roo Panes,Cub,Quiet Man,0,2018-06-15,212266
Roo Panes,Quiet Man,Quiet Man,0,2018-06-15,307040
Roo Panes,Warrior,Quiet Man,0,2018-06-15,209053
Roo Panes,Peace Be with You,Quiet Man,0,2018-06-15,270493
summer2018,What Would I Do Without You,Good Light,60,2013-02-19,172213
summer2018,Neighbor Boy,Here Begin,21,2011-12-10,296386
summer2018,Benediction,Home,40,2015-04-07,249240
summer2018,Ulysses,Love & War & The Sea In Between,40,2011-07-15,256893
summer2018,Sailboats,Flags,0,2010-10-12,198112
summer2018,You're Gonna Live Forever in Me,The Search for Everything,74,2017-04-14,190013
summer2018,Home,Home,0,2016-12-23,200620
summer2018,Farther Along,Love & War & The Sea In Between,51,2011-07-15,304516
summer2018,Something Beautiful,Here Begin,27,2011-12-10,264186
summer2018,At the Table,Home,47,2015-04-07,289093
summer2018,I Have Made Mistakes,"Through the Deep, Dark Valley",0,2012-10-30,289500
summer2018,Tompkins Square Park,Wilder Mind,0,2015-05-04,312626
summer2018,"Hello, Love",Here Begin,9,2011-12-10,377320