playlist_name,artist_name,genres,artist_popularity
current nov22,Carol Ades,"['alt z', 'gen z singer-songwriter', 'indie pop']",39
current nov22,Laura Marling,"['art pop', 'british folk', 'british singer-songwriter', 'chamber pop', 'indie folk', 'indie pop', 'singer-songwriter', 'stomp and holler']",55
current nov22,Olivia Barton,['boston folk'],24
current nov22,Carol Ades,"['alt z', 'gen z singer-songwriter', 'indie pop']",39
current nov22,George Strait,"['contemporary country', 'country', 'country road', 'country rock']",71
current nov22,Haley Joelle,"['alt z', 'gen z singer-songwriter']",57
current nov22,Sophie May,,47
current nov22,Lizzy McAlpine,"['boston folk', 'indie pop', 'pop']",67
current nov22,Holly Humberstone,"['alt z', 'indie pop', 'modern alternative pop', 'uk pop']",59
current nov22,Ana Gabriel,"['latin pop', 'mariachi', 'ranchera']",70
current nov22,Sarah Kinsley,"['gen z singer-songwriter', 'indie pop']",50
current nov22,Girlpool,"['bubblegrunge', 'indie pop', 'indie punk', 'indie rock']",42
current nov22,Thee Sacred Souls,"['latinx alternative', 'souldies']",56
current nov22,DivineDevine,,16
current nov22,Shai Nowell,,16
current nov22,2oo7,,15
current nov22,Big Thief,"['art pop', 'brooklyn indie', 'indie pop', 'indie rock', 'small room']",61
current nov22,The Joy,,23
current nov22,Sabrina Carpenter,"['alt z', 'dance pop', 'pop', 'post-teen pop']",74
current nov22,Bella Poarch,['modern alternative pop'],65
current nov22,Artur Nunes,['semba'],17
current nov22,Saint Levant,['palestinian hip hop'],60
current nov22,Angèle,"['belgian pop', 'variete francaise']",70
current nov22,Lizzy McAlpine,"['boston folk', 'indie pop', 'pop']",67
current nov22,Victoria Monét,"['alternative r&b', 'indie r&b', 'pop', 'post-teen pop', 'r&b', 'rap', 'urban contemporary']",62
current nov22,dodie,"['alt z', 'indie pop', 'pop']",61
wedding playlist 2,The Ronettes,"['adult standards', 'brill building pop', 'classic girl group']",65
wedding playlist 2,Ramones,"['classic rock', 'early us punk', 'permanent wave', 'punk', 'rock', 'skate punk']",65
wedding playlist 2,Ramones,"['classic rock', 'early us punk', 'permanent wave', 'punk', 'rock', 'skate punk']",65
wedding playlist 2,The Ronettes,"['adult standards', 'brill building pop', 'classic girl group']",65
wedding playlist 2,The Cure,"['new wave', 'permanent wave', 'rock', 'uk post-punk']",74
wedding playlist 2,The Flaming Lips,"['alternative rock', 'art rock', 'indie rock', 'modern rock', 'noise pop', 'okc indie', 'rock']",54
wedding playlist 2,Modern English,"['new romantic', 'new wave', 'new wave pop', 'post-punk', 'synthpop']",49
wedding playlist 2,The Cure,"['new wave', 'permanent wave', 'rock', 'uk post-punk']",74
wedding playlist 2,Pixies,"['alternative rock', 'boston rock', 'modern rock', 'permanent wave', 'rock']",70
wedding playlist 2,The Beach Boys,"['baroque pop', 'brill building pop', 'classic rock', 'psychedelic rock', 'rock', 'sunshine pop']",71
coming of age online,Modest Mouse,"['alternative rock', 'double drumming', 'indie rock', 'modern rock', 'rock', 'washington indie']",63
coming of age online,alt-J,"['indie rock', 'modern rock']",69
coming of age online,Modest Mouse,"['alternative rock', 'double drumming', 'indie rock', 'modern rock', 'rock', 'washington indie']",63
coming of age online,Modest Mouse,"['alternative rock', 'double drumming', 'indie rock', 'modern rock', 'rock', 'washington indie']",63
coming of age online,Neutral Milk Hotel,"['alternative rock', 'anti-folk', 'chamber pop', 'elephant 6', 'indie pop', 'indie rock', 'lo-fi']",55
coming of age online,Neutral Milk Hotel,"['alternative rock', 'anti-folk', 'chamber pop', 'elephant 6', 'indie pop', 'indie rock', 'lo-fi']",55
coming of age online,Neutral Milk Hotel,"['alternative rock', 'anti-folk', 'chamber pop', 'elephant 6', 'indie pop', 'indie rock', 'lo-fi']",55
coming of age online,Neutral Milk Hotel,"['alternative rock', 'anti-folk', 'chamber pop', 'elephant 6', 'indie pop', 'indie rock', 'lo-fi']",55
coming of age online,Neutral Milk Hotel,"['alternative rock', 'anti-folk', 'chamber pop', 'elephant 6', 'indie pop', 'indie rock', 'lo-fi']",55
coming of age online,Neutral Milk Hotel,"['alternative rock', 'anti-folk', 'chamber pop', 'elephant 6', 'indie pop', 'indie rock', 'lo-fi']",55
coming of age online,Iron & Wine,"['chamber pop', 'indie folk', 'stomp and holler']",61
coming of age online,Dr. Dog,"['indie folk', 'indie rock', 'modern folk rock', 'modern rock', 'philly indie', 'rock', 'stomp and holler']",61
coming of age online,Bright Eyes,"['chamber pop', 'indie pop', 'indie rock', 'melancholia', 'omaha indie', 'stomp and holler']",57
coming of age online,Young the Giant,"['modern alternative rock', 'modern rock', 'rock', 'stomp and holler']",65
coming of age online,Fleet Foxes,"['chamber pop', 'folk', 'indie folk', 'indie pop', 'indie rock', 'seattle indie', 'stomp and holler']",64
coming of age online,The Flaming Lips,"['alternative rock', 'art rock', 'indie rock', 'modern rock', 'noise pop', 'okc indie', 'rock']",54
coming of age online,The Flaming Lips,"['alternative rock', 'art rock', 'indie rock', 'modern rock', 'noise pop', 'okc indie', 'rock']",54
coming of age online,Grimes,"['art pop', 'canadian electropop', 'dance pop', 'grave wave', 'indietronica', 'metropopolis', 'pop']",68
coming of age online,Bright Eyes,"['chamber pop', 'indie pop', 'indie rock', 'melancholia', 'omaha indie', 'stomp and holler']",57
coming of age online,The Avett Brothers,"['indie folk', 'new americana', 'north carolina indie', 'north carolina roots', 'progressive bluegrass', 'stomp and holler']",60
coming of age online,Bon Iver,"['eau claire indie', 'indie folk', 'melancholia']",75
coming of age online,Band of Horses,"['indie rock', 'modern rock', 'stomp and holler']",59
coming of age online,Damien Rice,"['irish rock', 'irish singer-songwriter', 'neo mellow', 'singer-songwriter']",58
coming of age online,Grizzly Bear,"['alternative dance', 'art pop', 'baroque pop', 'brooklyn indie', 'chillwave', 'dream pop', 'indie rock', 'modern rock', 'new weird america', 'stomp and holler']",55
coming of age online,The Smiths,"['madchester', 'new wave', 'permanent wave', 'rock', 'uk post-punk']",75
coming of age online,Regina Spektor,"['indie pop', 'lilith', 'piano rock']",61
coming of age online,Bon Iver,"['eau claire indie', 'indie folk', 'melancholia']",75
coming of age online,Cat Power,"['art pop', 'dream pop', 'indie pop', 'melancholia', 'singer-songwriter', 'slowcore']",56
coming of age online,The Postal Service,"['indie pop', 'indie rock', 'indietronica', 'seattle indie']",50
coming of age online,Death Cab for Cutie,"['indie pop', 'indie rock', 'modern rock', 'washington indie']",63
coming of age online,Death Cab for Cutie,"['indie pop', 'indie rock', 'modern rock', 'washington indie']",63
coming of age online,Death Cab for Cutie,"['indie pop', 'indie rock', 'modern rock', 'washington indie']",63
coming of age online,The Postal Service,"['indie pop', 'indie rock', 'indietronica', 'seattle indie']",50
coming of age online,Death Cab for Cutie,"['indie pop', 'indie rock', 'modern rock', 'washington indie']",63
coming of age online,The Decemberists,"['alternative rock', 'anti-folk', 'baroque pop', 'canadian indie', 'chamber pop', 'indie folk', 'indie pop', 'indie rock', 'modern folk rock', 'modern rock', 'pop rock', 'stomp and holler']",53
coming of age online,Sea Wolf,"['chamber pop', 'indie folk', 'indie pop', 'indie rock', 'la indie', 'stomp and holler']",44
coming of age online,Sea Wolf,"['chamber pop', 'indie folk', 'indie pop', 'indie rock', 'la indie', 'stomp and holler']",44
coming of age online,Sea Wolf,"['chamber pop', 'indie folk', 'indie pop', 'indie rock', 'la indie', 'stomp and holler']",44
coming of age online,Bright Eyes,"['chamber pop', 'indie pop', 'indie rock', 'melancholia', 'omaha indie', 'stomp and holler']",57
coming of age online,Phoenix,"['alternative dance', 'indie rock', 'modern rock', 'new rave', 'rock independant francais']",65
coming of age online,Edward Sharpe & The Magnetic Zeros,"['double drumming', 'indie folk', 'la indie', 'stomp and holler']",61
coming of age online,Vampire Weekend,"['baroque pop', 'indie rock', 'modern rock', 'rock']",64
coming of age online,Vampire Weekend,"['baroque pop', 'indie rock', 'modern rock', 'rock']",64
coming of age online,Vampire Weekend,"['baroque pop', 'indie rock', 'modern rock', 'rock']",64
coming of age online,Vampire Weekend,"['baroque pop', 'indie rock', 'modern rock', 'rock']",64
coming of age online,Vampire Weekend,"['baroque pop', 'indie rock', 'modern rock', 'rock']",64
coming of age online,Vampire Weekend,"['baroque pop', 'indie rock', 'modern rock', 'rock']",64
coming of age online,Vampire Weekend,"['baroque pop', 'indie rock', 'modern rock', 'rock']",64
coming of age online,Fleet Foxes,"['chamber pop', 'folk', 'indie folk', 'indie pop', 'indie rock', 'seattle indie', 'stomp and holler']",64
coming of age online,Fleet Foxes,"['chamber pop', 'folk', 'indie folk', 'indie pop', 'indie rock', 'seattle indie', 'stomp and holler']",64
to lay on the floor,Penny and Sparrow,"['acoustic pop', 'indie folk', 'indiecoustica', 'new americana', 'stomp and holler']",54
to lay on the floor,Billie Marten,"['british singer-songwriter', 'indie anthem-folk', 'indie folk', 'indie pop']",56
to lay on the floor,Billie Marten,"['british singer-songwriter', 'indie anthem-folk', 'indie folk', 'indie pop']",56
dance,Natti Natasha,"['latin hip hop', 'latin pop', 'rap latina', 'reggaeton', 'trap latino']",75
dance,Ozuna,"['puerto rican pop', 'reggaeton', 'trap latino']",88
dance,Tiwa Savage,"['afro dancehall', 'afropop', 'azonto', 'azontobeats', 'nigerian pop']",60
dance,Duncan Mighty,"['afro dancehall', 'afropop', 'azonto', 'naija old school', 'nigerian pop']",40
dance,Beyoncé,"['dance pop', 'pop', 'r&b']",86
dance,Ariana Grande,"['dance pop', 'pop']",88
dance,Bruno Mars,"['dance pop', 'pop']",87
dance,Bruno Mars,"['dance pop', 'pop']",87
dance,Anderson .Paak,['escape room'],78
dance,Silk Sonic,['neo soul'],73
dance,PRETTYMUCH,"['boy band', 'dance pop', 'pop', 'post-teen pop']",60
dance,Chloe x Halle,"['alternative r&b', 'dance pop', 'pop', 'post-teen pop', 'r&b', 'rap', 'urban contemporary']",58
dance,Doja Cat,"['dance pop', 'pop']",86
dance,City Girls,"['dance pop', 'pop', 'r&b', 'rap', 'scam rap', 'trap queen']",66
dance,Latto,"['pop', 'rap', 'trap queen']",71
dance,The New Respects,['nashville indie'],29
dance,Troye Sivan,"['australian pop', 'dance pop', 'pop', 'viral pop']",75
dance,THE ANXIETY,['modern alternative pop'],62
dance,WILLOW,"['afrofuturism', 'pop', 'post-teen pop']",74
dance,Tyler Cole,['bedroom soul'],62
dance,Muni Long,"['indie r&b', 'pop', 'pop r&b', 'r&b', 'rap']",63
dance,Muni Long,"['indie r&b', 'pop', 'pop r&b', 'r&b', 'rap']",63
dance,Muni Long,"['indie r&b', 'pop', 'pop r&b', 'r&b', 'rap']",63
dance,Ann Marie,"['pop r&b', 'viral rap']",52
currents,Lake Street Dive,"['boston rock', 'new americana']",60
currents,BJ The Chicago Kid,"['alternative r&b', 'chicago rap', 'hip hop', 'indie soul', 'neo soul', 'r&b', 'underground hip hop']",60
currents,PJ Morton,"['neo soul', 'r&b', 'urban contemporary']",58
currents,Kenyon Dixon,"['alternative r&b', 'indie r&b', 'pop r&b']",49
currents,Charlie Bereal,,38
currents,Panic! At The Disco,['modern rock'],77
currents,Thirdstory,['nyc pop'],44
currents,Ludo,['tulsa indie'],44
currents,Bleachers,"['double drumming', 'indie pop', 'indie poptimism', 'modern alternative rock', 'modern rock', 'pop']",63
currents,Colony House,"['indie poptimism', 'indiecoustica', 'modern rock', 'stomp and holler']",52
currents,Jamila Woods,"['afrofuturism', 'alternative r&b', 'escape room', 'indie soul']",51
currents,Dermot Kennedy,"['folk-pop', 'irish pop', 'pop']",74
currents,James Blake,"['electronica', 'indie soul', 'uk alternative pop']",65
wedding playlist,Lindsay Lohan,"['dance pop', 'post-teen pop']",46
wedding playlist,Weezer,"['alternative rock', 'modern power pop', 'modern rock', 'permanent wave', 'rock']",72
a love letter to little me,Hannah Montana,"['dance pop', 'pop', 'post-teen pop']",62
a love letter to little me,Hannah Montana,"['dance pop', 'pop', 'post-teen pop']",62
a love letter to little me,Hannah Montana,"['dance pop', 'pop', 'post-teen pop']",62
a love letter to little me,Hannah Montana,"['dance pop', 'pop', 'post-teen pop']",62
a love letter to little me,Bridgit Mendler,"['dance pop', 'pop', 'post-teen pop']",60
a love letter to little me,Plain White T's,"['neo mellow', 'pop punk', 'pop rock']",63
a love letter to little me,Selena Gomez & The Scene,"['dance pop', 'pop', 'post-teen pop']",68
a love letter to little me,Aly & AJ,"['dance pop', 'electropop', 'girl group', 'indie pop', 'indie poptimism', 'pop', 'post-teen pop']",58
a love letter to little me,Hilary Duff,"['dance pop', 'pop', 'post-teen pop']",55
a love letter to little me,Lindsay Lohan,"['dance pop', 'post-teen pop']",46
a love letter to little me,High School Musical Cast,"['dance pop', 'post-teen pop']",61
a love letter to little me,Disney,,80
a love letter to little me,Jesse McCartney,"['dance pop', 'neo mellow', 'pop', 'pop rock', 'post-teen pop']",59
a love letter to little me,Aly & AJ,"['dance pop', 'electropop', 'girl group', 'indie pop', 'indie poptimism', 'pop', 'post-teen pop']",58
a love letter to little me,Taylor Swift,['pop'],100
a love letter to little me,Hannah Montana,"['dance pop', 'pop', 'post-teen pop']",62
a love letter to little me,Aly & AJ,"['dance pop', 'electropop', 'girl group', 'indie pop', 'indie poptimism', 'pop', 'post-teen pop']",58
a love letter to little me,Jesse McCartney,"['dance pop', 'neo mellow', 'pop', 'pop rock', 'post-teen pop']",59
a love letter to little me,Anne Hathaway,['hollywood'],48
a love letter to little me,Taylor Swift,['pop'],100
a love letter to little me,Jonas Brothers,"['boy band', 'dance pop', 'pop', 'post-teen pop']",75
a love letter to little me,Taylor Swift,['pop'],100
a love letter to little me,The Naked Brothers Band,,30
a love letter to little me,The Naked Brothers Band,,30
a love letter to little me,Katy Perry,"['dance pop', 'pop']",84
a love letter to little me,Fergie,"['dance pop', 'pop', 'post-teen pop', 'rap', 'urban contemporary']",68
a love letter to little me,Taylor Swift,['pop'],100
a love letter to little me,Miley Cyrus,"['dance pop', 'pop', 'post-teen pop']",80
a love letter to little me,Hannah Montana,"['dance pop', 'pop', 'post-teen pop']",62
a love letter to little me,Corbin Bleu,['post-teen pop'],47
a love letter to little me,Jonas Brothers,"['boy band', 'dance pop', 'pop', 'post-teen pop']",75
a love letter to little me,Jonas Brothers,"['boy band', 'dance pop', 'pop', 'post-teen pop']",75
You are safe,MILCK,['la pop'],40
You are safe,Shoshana Bean,"['broadway', 'show tunes']",35
You are safe,Sleeping At Last,"['ambient worship', 'chamber pop', 'pop']",69
You are safe,Sleeping At Last,"['ambient worship', 'chamber pop', 'pop']",69
You are safe,Sleeping At Last,"['ambient worship', 'chamber pop', 'pop']",69
You are safe,Sleeping At Last,"['ambient worship', 'chamber pop', 'pop']",69
You are safe,Sleeping At Last,"['ambient worship', 'chamber pop', 'pop']",69
You are safe,Richie Havens,"['country rock', 'folk', 'folk rock', 'mellow gold', 'roots rock', 'singer-songwriter']",45
ATL w/Melissa,Sammy Rae & The Friends,"['indie pop', 'nyc pop']",54
ATL w/Melissa,JP Saxe,"['alt z', 'canadian contemporary r&b', 'neo mellow', 'pop']",67
ATL w/Melissa,Lake Street Dive,"['boston rock', 'new americana']",60
ATL w/Melissa,Luz,"['alt z', 'gen z singer-songwriter', 'irish pop']",50
ATL w/Melissa,James Blake,"['electronica', 'indie soul', 'uk alternative pop']",65
ATL w/Melissa,Eric Bellinger,"['pop r&b', 'pop rap', 'r&b', 'urban contemporary']",62
ATL w/Melissa,Hitmaka,,47
ATL w/Melissa,Clark Beckham,['talent show'],34
ATL w/Melissa,Thirdstory,['nyc pop'],44
ATL w/Melissa,Lake Street Dive,"['boston rock', 'new americana']",60
ATL w/Melissa,Black Pumas,['retro soul'],58
ATL w/Melissa,Ant Clemons,,50
ATL w/Melissa,Justin Timberlake,"['dance pop', 'pop']",78
To listen to 8/2,Lawrence,"['nyc pop', 'retro soul']",53
To listen to 8/2,Lawrence,"['nyc pop', 'retro soul']",53
To listen to 8/2,Lawrence,"['nyc pop', 'retro soul']",53
To listen to 8/2,Lawrence,"['nyc pop', 'retro soul']",53
To listen to 8/2,Lawrence,"['nyc pop', 'retro soul']",53
To listen to 8/2,Lawrence,"['nyc pop', 'retro soul']",53
To listen to 8/2,Lawrence,"['nyc pop', 'retro soul']",53
To listen to 8/2,Lawrence,"['nyc pop', 'retro soul']",53
To listen to 8/2,Lawrence,"['nyc pop', 'retro soul']",53
To listen to 8/2,Brasstracks,"['indie soul', 'nyc pop']",52
To listen to 8/2,Lawrence,"['nyc pop', 'retro soul']",53
To listen to 8/2,Lawrence,"['nyc pop', 'retro soul']",53
To listen to 8/2,Jon Bellion,['pop rap'],66
To listen to 8/2,Lawrence,"['nyc pop', 'retro soul']",53
To listen to 8/2,Jon Bellion,['pop rap'],66
To listen to 8/2,Lawrence,"['nyc pop', 'retro soul']",53
To listen to 8/2,Jon Bellion,['pop rap'],66
To listen to 8/2,Jon Bellion,['pop rap'],66
To listen to 8/2,Jon Bellion,['pop rap'],66
To listen to 8/2,Jon Bellion,['pop rap'],66
To listen to 8/2,Jon Bellion,['pop rap'],66
To listen to 8/2,Blaque Keyz,,34
To listen to 8/2,Jon Bellion,['pop rap'],66
To listen to 8/2,Jon Bellion,['pop rap'],66
To listen to 8/2,Jon Bellion,['pop rap'],66
To listen to 8/2,Christianne Jensen,,29
To listen to 8/2,Jon Bellion,['pop rap'],66
To listen to 8/2,Audra Mae,['alternative roots rock'],39
To listen to 8/2,Jon Bellion,['pop rap'],66
for dancing,Never Shout Never,"['alternative pop rock', 'neon pop punk', 'pop emo', 'pop punk']",48
for dancing,Fountains Of Wayne,"['alternative rock', 'pop rock', 'power pop']",57
for dancing,Nine Days,['pop rock'],49
for dancing,Bowling For Soup,"['comic', 'pop punk', 'pop rock', 'texas pop punk']",60
for dancing,Bowling For Soup,"['comic', 'pop punk', 'pop rock', 'texas pop punk']",60
for dancing,Forever The Sickest Kids,"['electropowerpop', 'neon pop punk', 'pop emo', 'pop punk', 'texas pop punk']",48
for dancing,Bowling For Soup,"['comic', 'pop punk', 'pop rock', 'texas pop punk']",60
for dancing,The All-American Rejects,"['modern rock', 'pop punk', 'pop rock']",65
for dancing,The All-American Rejects,"['modern rock', 'pop punk', 'pop rock']",65
for dancing,Melting Oak,,24
for dancing,Fall Out Boy,"['emo', 'modern rock']",77
for dancing,The All-American Rejects,"['modern rock', 'pop punk', 'pop rock']",65
for dancing,Bowling For Soup,"['comic', 'pop punk', 'pop rock', 'texas pop punk']",60
for dancing,All Time Low,"['modern rock', 'pop punk', 'rock']",69
for dancing,Avril Lavigne,"['canadian pop', 'candy pop', 'dance pop', 'pop', 'post-teen pop']",75
for dancing,blink-182,"['pop punk', 'punk', 'rock', 'socal pop punk']",78
for dancing,Sum 41,"['canadian pop punk', 'canadian punk', 'punk']",70
for dancing,The Killers,"['alternative rock', 'dance rock', 'permanent wave', 'rock']",76
for dancing,Never Shout Never,"['alternative pop rock', 'neon pop punk', 'pop emo', 'pop punk']",48
for dancing,Never Shout Never,"['alternative pop rock', 'neon pop punk', 'pop emo', 'pop punk']",48
for dancing,Never Shout Never,"['alternative pop rock', 'neon pop punk', 'pop emo', 'pop punk']",48
for dancing,Never Shout Never,"['alternative pop rock', 'neon pop punk', 'pop emo', 'pop punk']",48
for dancing,Never Shout Never,"['alternative pop rock', 'neon pop punk', 'pop emo', 'pop punk']",48
for dancing,Never Shout Never,"['alternative pop rock', 'neon pop punk', 'pop emo', 'pop punk']",48
for dancing,Never Shout Never,"['alternative pop rock', 'neon pop punk', 'pop emo', 'pop punk']",48
for dancing,Parachute,"['acoustic pop', 'charlottesville indie', 'neo mellow', 'pop', 'pop rock', 'post-teen pop', 'viral pop']",55
for dancing,Boys Like Girls,"['neo mellow', 'neon pop punk', 'pop punk', 'pop rock', 'post-teen pop']",60
for dancing,Taylor Swift,['pop'],100
for dancing,We The Kings,"['neo mellow', 'neon pop punk', 'piano rock', 'pop punk', 'pop rock', 'post-teen pop']",59
for dancing,The Ready Set,"['neon pop punk', 'pixie', 'pop emo', 'pop punk', 'post-teen pop']",48
for dancing,Fall Out Boy,"['emo', 'modern rock']",77
for dancing,The All-American Rejects,"['modern rock', 'pop punk', 'pop rock']",65
for dancing,Boys Like Girls,"['neo mellow', 'neon pop punk', 'pop punk', 'pop rock', 'post-teen pop']",60
for dancing,Paramore,"['candy pop', 'pixie', 'pop emo', 'pop punk']",78
for dancing,Go Radio,"['neon pop punk', 'pop emo', 'pop punk']",44
for dancing,Plain White T's,"['neo mellow', 'pop punk', 'pop rock']",63
for dancing,Michelle Branch,"['candy pop', 'dance pop', 'neo mellow', 'pop rock', 'post-teen pop']",56
for dancing,Michelle Branch,"['candy pop', 'dance pop', 'neo mellow', 'pop rock', 'post-teen pop']",56
for dancing,Michelle Branch,"['candy pop', 'dance pop', 'neo mellow', 'pop rock', 'post-teen pop']",56
for dancing,The Fray,"['neo mellow', 'piano rock', 'pop', 'pop rock']",68
for dancing,Allstar Weekend,"['neon pop punk', 'post-teen pop']",38
for dancing,Allstar Weekend,"['neon pop punk', 'post-teen pop']",38
for dancing,The Killers,"['alternative rock', 'dance rock', 'permanent wave', 'rock']",76
for dancing,The Killers,"['alternative rock', 'dance rock', 'permanent wave', 'rock']",76
for dancing,The Killers,"['alternative rock', 'dance rock', 'permanent wave', 'rock']",76
doin' the naughty,Arctic Monkeys,"['garage rock', 'modern rock', 'permanent wave', 'rock', 'sheffield indie']",87
doin' the naughty,Electric Guest,"['alternative dance', 'indie rock', 'indietronica', 'la indie', 'modern rock', 'shimmer pop']",55
doin' the naughty,James Blake,"['electronica', 'indie soul', 'uk alternative pop']",65
doin' the naughty,The Weeknd,"['canadian contemporary r&b', 'canadian pop', 'pop']",93
doin' the naughty,Arctic Monkeys,"['garage rock', 'modern rock', 'permanent wave', 'rock', 'sheffield indie']",87
doin' the naughty,Marcy Playground,"['alternative rock', 'pop rock', 'rock']",55
doin' the naughty,Explosions In The Sky,"['american post-rock', 'cinematic post-rock', 'instrumental post-rock', 'melancholia', 'post-rock']",50
doin' the naughty,JoJo,"['dance pop', 'pop', 'post-teen pop', 'r&b', 'urban contemporary']",61
doin' the naughty,Eric Bellinger,"['pop r&b', 'pop rap', 'r&b', 'urban contemporary']",62
doin' the naughty,Hitmaka,,47
"dont worry, you're doing just fine",Keaton Henson,"['ambient folk', 'british singer-songwriter', 'indie folk']",49
"dont worry, you're doing just fine",Mindy Gledhill,"['indiecoustica', 'lds', 'lilith']",42
"dont worry, you're doing just fine",Passenger,"['folk-pop', 'neo mellow']",70
"dont worry, you're doing just fine",The Head And The Heart,"['folk-pop', 'indie folk', 'seattle indie', 'stomp and holler']",62
"dont worry, you're doing just fine",The Kooks,"['brighton indie', 'modern rock', 'rock']",66
"dont worry, you're doing just fine",Steel Train,,24
"dont worry, you're doing just fine",Frank Turner,"['acoustic rock', 'folk punk']",53
"dont worry, you're doing just fine",The Verve Pipe,"['pop rock', 'post-grunge']",45
"dont worry, you're doing just fine",Seth Slay,,
"dont worry, you're doing just fine",The Weepies,"['acoustic pop', 'indie folk', 'indie pop', 'lilith', 'neo mellow', 'pop rock', 'stomp and holler']",54
"dont worry, you're doing just fine",Deb Talan,"['boston folk', 'lilith']",54
"dont worry, you're doing just fine",Steve Tannen,,53
"dont worry, you're doing just fine",Young the Giant,"['modern alternative rock', 'modern rock', 'rock', 'stomp and holler']",65
"dont worry, you're doing just fine",Vacationer,"['chillwave', 'indie rock', 'modern rock', 'philly indie', 'shimmer pop']",40
"dont worry, you're doing just fine",Born Ruffians,"['canadian indie', 'indie rock', 'stomp and holler', 'toronto indie']",44
sing me to sleep,The Weepies,"['acoustic pop', 'indie folk', 'indie pop', 'lilith', 'neo mellow', 'pop rock', 'stomp and holler']",54
sing me to sleep,Deb Talan,"['boston folk', 'lilith']",54
sing me to sleep,Steve Tannen,,53
sing me to sleep,Lewis Watson,"['indie anthem-folk', 'oxford indie']",43
sing me to sleep,Amos Lee,"['acoustic pop', 'indie folk', 'neo mellow', 'pop rock', 'stomp and holler']",60
sing me to sleep,City and Colour,"['canadian folk', 'canadian indie']",57
sing me to sleep,Death Cab for Cutie,"['indie pop', 'indie rock', 'modern rock', 'washington indie']",63
sing me to sleep,The Beatles,"['beatlesque', 'british invasion', 'classic rock', 'merseybeat', 'psychedelic rock', 'rock']",82
sing me to sleep,Johnny Cash,"['arkansas country', 'outlaw country']",73
sing me to sleep,The Smiths,"['madchester', 'new wave', 'permanent wave', 'rock', 'uk post-punk']",75
Re-education: Bob Dylan,Bob Dylan,"['classic rock', 'country rock', 'folk', 'folk rock', 'rock', 'roots rock', 'singer-songwriter']",70
Re-education: Bob Dylan,Bob Dylan,"['classic rock', 'country rock', 'folk', 'folk rock', 'rock', 'roots rock', 'singer-songwriter']",70
Re-education: Bob Dylan,Bob Dylan,"['classic rock', 'country rock', 'folk', 'folk rock', 'rock', 'roots rock', 'singer-songwriter']",70
Re-education: Bob Dylan,Bob Dylan,"['classic rock', 'country rock', 'folk', 'folk rock', 'rock', 'roots rock', 'singer-songwriter']",70
Re-education: Bob Dylan,Bob Dylan,"['classic rock', 'country rock', 'folk', 'folk rock', 'rock', 'roots rock', 'singer-songwriter']",70
Re-education: Bob Dylan,Bob Dylan,"['classic rock', 'country rock', 'folk', 'folk rock', 'rock', 'roots rock', 'singer-songwriter']",70
Re-education: Bob Dylan,Bob Dylan,"['classic rock', 'country rock', 'folk', 'folk rock', 'rock', 'roots rock', 'singer-songwriter']",70
Re-education: Bob Dylan,Bob Dylan,"['classic rock', 'country rock', 'folk', 'folk rock', 'rock', 'roots rock', 'singer-songwriter']",70
Re-education: Bob Dylan,Bob Dylan,"['classic rock', 'country rock', 'folk', 'folk rock', 'rock', 'roots rock', 'singer-songwriter']",70
Re-education: Bob Dylan,Bob Dylan,"['classic rock', 'country rock', 'folk', 'folk rock', 'rock', 'roots rock', 'singer-songwriter']",70
Re-education: Bob Dylan,Bob Dylan,"['classic rock', 'country rock', 'folk', 'folk rock', 'rock', 'roots rock', 'singer-songwriter']",70
Re-education: Bob Dylan,Bob Dylan,"['classic rock', 'country rock', 'folk', 'folk rock', 'rock', 'roots rock', 'singer-songwriter']",70
Re-education: Bob Dylan,Bob Dylan,"['classic rock', 'country rock', 'folk', 'folk rock', 'rock', 'roots rock', 'singer-songwriter']",70
Re-education: Bob Dylan,Bob Dylan,"['classic rock', 'country rock', 'folk', 'folk rock', 'rock', 'roots rock', 'singer-songwriter']",70
Re-education: Bob Dylan,Bob Dylan,"['classic rock', 'country rock', 'folk', 'folk rock', 'rock', 'roots rock', 'singer-songwriter']",70
Re-education: Bob Dylan,Bob Dylan,"['classic rock', 'country rock', 'folk', 'folk rock', 'rock', 'roots rock', 'singer-songwriter']",70
Re-education: Bob Dylan,Bob Dylan,"['classic rock', 'country rock', 'folk', 'folk rock', 'rock', 'roots rock', 'singer-songwriter']",70
Re-education: Bob Dylan,Bob Dylan,"['classic rock', 'country rock', 'folk', 'folk rock', 'rock', 'roots rock', 'singer-songwriter']",70
Re-education: Bob Dylan,Bob Dylan,"['classic rock', 'country rock', 'folk', 'folk rock', 'rock', 'roots rock', 'singer-songwriter']",70
Re-education: Bob Dylan,Bob Dylan,"['classic rock', 'country rock', 'folk', 'folk rock', 'rock', 'roots rock', 'singer-songwriter']",70
Re-education: Bob Dylan,Bob Dylan,"['classic rock', 'country rock', 'folk', 'folk rock', 'rock', 'roots rock', 'singer-songwriter']",70
Re-education: Bob Dylan,Bob Dylan,"['classic rock', 'country rock', 'folk', 'folk rock', 'rock', 'roots rock', 'singer-songwriter']",70
Re-education: Bob Dylan,Bob Dylan,"['classic rock', 'country rock', 'folk', 'folk rock', 'rock', 'roots rock', 'singer-songwriter']",70
Re-education: Bob Dylan,Bob Dylan,"['classic rock', 'country rock', 'folk', 'folk rock', 'rock', 'roots rock', 'singer-songwriter']",70
fearless,Taylor Swift,['pop'],100
fearless,Taylor Swift,['pop'],100
fearless,Taylor Swift,['pop'],100
fearless,Taylor Swift,['pop'],100
fearless,Taylor Swift,['pop'],100
fearless,Taylor Swift,['pop'],100
fearless,Taylor Swift,['pop'],100
fearless,Colbie Caillat,"['dance pop', 'neo mellow', 'pop', 'pop rock', 'post-teen pop']",67
fearless,Taylor Swift,['pop'],100
fearless,Taylor Swift,['pop'],100
fearless,Taylor Swift,['pop'],100
fearless,Taylor Swift,['pop'],100
fearless,Taylor Swift,['pop'],100
fearless,Taylor Swift,['pop'],100
fearless,Taylor Swift,['pop'],100
fearless,Taylor Swift,['pop'],100
fearless,Taylor Swift,['pop'],100
fearless,Taylor Swift,['pop'],100
fearless,Taylor Swift,['pop'],100
fearless,Taylor Swift,['pop'],100
fearless,Taylor Swift,['pop'],100
fearless,Taylor Swift,['pop'],100
fearless,Maren Morris,"['contemporary country', 'country', 'pop', 'texas country']",72
fearless,Taylor Swift,['pop'],100
fearless,Taylor Swift,['pop'],100
fearless,Taylor Swift,['pop'],100
fearless,Keith Urban,"['australian country', 'australian pop', 'contemporary country', 'country', 'country road']",70
fearless,Taylor Swift,['pop'],100
fearless,Taylor Swift,['pop'],100
fearless,Taylor Swift,['pop'],100
fearless,Taylor Swift,['pop'],100
fearless,Maren Morris,"['contemporary country', 'country', 'pop', 'texas country']",72
Música do antigamente,Gnonnas Pedro et ses Dadjes,,15
Música do antigamente,Angela Maria,"['pop nacional antigas', 'velha guarda']",37
Música do antigamente,Silvinho,"['brega', 'pop nacional antigas']",26
Música do antigamente,Luis Quintero y su Conjunto Cibaeno,,
Música do antigamente,Angela Maria,"['pop nacional antigas', 'velha guarda']",37
Música do antigamente,Los Compadres,"['musica tradicional cubana', 'son cubano clasico']",30
Música do antigamente,Luis Quintero y su Conjunto Cibaeno,,
Lina's spanish songs,Sin Bandera,"['latin arena pop', 'latin pop', 'mexican pop']",69
Lina's spanish songs,Camila,"['latin arena pop', 'latin pop']",69
Lina's spanish songs,Maná,"['latin arena pop', 'latin pop', 'latin rock', 'mexican pop', 'mexican rock', 'rock en espanol']",76
Lina's spanish songs,Camila,"['latin arena pop', 'latin pop']",69
Lina's spanish songs,Maná,"['latin arena pop', 'latin pop', 'latin rock', 'mexican pop', 'mexican rock', 'rock en espanol']",76
Lina's spanish songs,Marc Anthony,"['latin pop', 'modern salsa', 'salsa', 'tropical']",75
Lina's spanish songs,Juanes,"['colombian pop', 'latin pop', 'mexican pop', 'rock en espanol', 'tropical']",75
Lina's spanish songs,"Tito ""El Bambino""","['latin hip hop', 'reggaeton', 'trap latino']",69
Lina's spanish songs,Luis Enrique,"['cuatro venezolano', 'latin pop', 'modern salsa', 'musica nicaraguense', 'salsa', 'tropical']",59
Lina's spanish songs,Reik,"['latin arena pop', 'latin pop', 'mexican pop']",78
Lina's spanish songs,Mach & Daddy,"['latin hip hop', 'panamanian pop', 'reggaeton']",51
Lina's spanish songs,Paulina Rubio,"['dance pop', 'latin arena pop', 'latin pop', 'mexican pop']",66
Lina's spanish songs,Maná,"['latin arena pop', 'latin pop', 'latin rock', 'mexican pop', 'mexican rock', 'rock en espanol']",76
Lina's spanish songs,Juanes,"['colombian pop', 'latin pop', 'mexican pop', 'rock en espanol', 'tropical']",75
Lina's spanish songs,Marc Anthony,"['latin pop', 'modern salsa', 'salsa', 'tropical']",75
Lina's spanish songs,Maná,"['latin arena pop', 'latin pop', 'latin rock', 'mexican pop', 'mexican rock', 'rock en espanol']",76
Lina's spanish songs,Juanes,"['colombian pop', 'latin pop', 'mexican pop', 'rock en espanol', 'tropical']",75
Lina's spanish songs,Chayanne,"['latin pop', 'puerto rican pop', 'tropical']",70
Lina's spanish songs,Julieta Venegas,"['latin alternative', 'latin pop', 'latin rock', 'rock en espanol']",74
Lina's spanish songs,Camila,"['latin arena pop', 'latin pop']",69
Lina's spanish songs,Sin Bandera,"['latin arena pop', 'latin pop', 'mexican pop']",69
Lina's spanish songs,Sin Bandera,"['latin arena pop', 'latin pop', 'mexican pop']",69
Lina's spanish songs,Carlos Vives,"['champeta', 'colombian pop', 'latin pop', 'tropical', 'vallenato']",73
Lina's spanish songs,Juanes,"['colombian pop', 'latin pop', 'mexican pop', 'rock en espanol', 'tropical']",75
Lina's spanish songs,Paulina Rubio,"['dance pop', 'latin arena pop', 'latin pop', 'mexican pop']",66
Lina's spanish songs,Camilo,"['colombian pop', 'reggaeton colombiano']",80
Lina's spanish songs,J Balvin,"['reggaeton', 'reggaeton colombiano', 'trap latino']",87
Lina's spanish songs,Bad Bunny,"['reggaeton', 'trap latino']",97
Lina's spanish songs,Juan Luis Guerra 4.40,"['bachata', 'latin pop', 'tropical']",73
Lina's spanish songs,Son By Four,"['latin pop', 'puerto rican pop', 'salsa', 'tropical']",54
Lina's spanish songs,Calle 13,"['latin afrobeat', 'latin alternative', 'latin hip hop', 'puerto rican rock', 'rap conciencia', 'reggaeton', 'rock en espanol']",68
Lina's spanish songs,Pedro Guerra,"['cantautor', 'musica canaria', 'nueva cancion', 'rock en espanol', 'trova']",54
Lina's spanish songs,Natalia Lafourcade,"['latin alternative', 'latin pop', 'mexican pop', 'rock en espanol', 'veracruz indie']",72
Lina's spanish songs,Los Macorinos,,57
Lina's spanish songs,Natalia Lafourcade,"['latin alternative', 'latin pop', 'mexican pop', 'rock en espanol', 'veracruz indie']",72
Lina's spanish songs,Los Macorinos,,57
Lina's spanish songs,Caramelos De Cianuro,['venezuelan rock'],53
Lina's spanish songs,Tecupae,['pop reggaeton'],34
Lina's spanish songs,Caloncho,"['guadalajara indie', 'latin pop', 'latin rock']",64
Lina's spanish songs,Caloncho,"['guadalajara indie', 'latin pop', 'latin rock']",64
Lina's spanish songs,Juanes,"['colombian pop', 'latin pop', 'mexican pop', 'rock en espanol', 'tropical']",75
Lina's spanish songs,Reyli Barba,"['latin pop', 'mexican pop', 'ranchera', 'rock en espanol', 'tropical']",63
Lina's spanish songs,Fonseca,"['colombian pop', 'latin pop', 'tropical']",67
Lina's spanish songs,Lake Street Dive,"['boston rock', 'new americana']",60
Lina's spanish songs,Dimension Latina,"['salsa', 'salsa venezolana', 'tropical']",57
Lina's spanish songs,Vicente Garcia,"['bachata', 'dominican pop', 'latin alternative', 'latin pop']",62
Lina's spanish songs,La Oreja de Van Gogh,"['latin arena pop', 'latin pop', 'mexican pop', 'spanish pop', 'spanish pop rock']",71
lil's recs,ØFFSHORE,,32
lil's recs,Def.,,47
lil's recs,JUNNY,"['chill r&b', 'k-pop', 'korean r&b', 'pop']",57
lil's recs,SUN,,27
lil's recs,Def.,,47
lil's recs,BAEKHYUN,['k-pop'],62
lil's recs,Giveon,"['pop', 'r&b']",79
lil's recs,BAEKHYUN,['k-pop'],62
lil's recs,Giveon,"['pop', 'r&b']",79
lil's recs,Bruno Mars,"['dance pop', 'pop']",87
lil's recs,Anderson .Paak,['escape room'],78
lil's recs,Silk Sonic,['neo soul'],73
lil's recs,Doja Cat,"['dance pop', 'pop']",86
lil's recs,SZA,"['pop', 'r&b', 'rap']",83
lil's recs,EXO,"['k-pop', 'k-pop boy group']",69
lil's recs,Colde,['korean r&b'],56
lil's recs,Crush,"['k-pop', 'korean r&b']",67
lil's recs,BAEKHYUN,['k-pop'],62
lil's recs,BAEKHYUN,['k-pop'],62
right now,Ariana Grande,"['dance pop', 'pop']",88
right now,Ariana Grande,"['dance pop', 'pop']",88
right now,Ariana Grande,"['dance pop', 'pop']",88
right now,Ariana Grande,"['dance pop', 'pop']",88
right now,PawPaw Rod,['indie r&b'],52
right now,KAI,['k-pop'],58
right now,KAI,['k-pop'],58
right now,MisterWives,"['electropop', 'indie pop', 'indie poptimism', 'modern rock', 'nyc pop', 'pop', 'pop rock']",58
right now,FINNEAS,"['alt z', 'electropop', 'la indie', 'pop']",69
right now,Maggie Rogers,"['indie pop', 'pop']",64
right now,Camilo,"['colombian pop', 'reggaeton colombiano']",80
right now,Ben Platt,"['hollywood', 'pop', 'show tunes']",64
right now,KAI,['k-pop'],58
right now,KAI,['k-pop'],58
right now,Ariana Grande,"['dance pop', 'pop']",88
right now,The Weeknd,"['canadian contemporary r&b', 'canadian pop', 'pop']",93
right now,Ariana Grande,"['dance pop', 'pop']",88
our first dance,Jesse Daniel Smith,,28
road to atl,Sam Smith,"['dance pop', 'pop', 'uk pop']",88
road to atl,Niall Horan,"['dance pop', 'pop', 'post-teen pop']",75
road to atl,John Mayer,"['neo mellow', 'singer-songwriter']",76
road to atl,Natalie Lauren,['high vibe'],31
road to atl,Allen Stone,"['neo mellow', 'neo soul', 'retro soul']",54
road to atl,Kacey Musgraves,"['country dawn', 'pop', 'texas country']",69
road to atl,Harry Styles,['pop'],89
road to atl,PJ Morton,"['neo soul', 'r&b', 'urban contemporary']",58
road to atl,Nina Soro,,21
road to atl,Clark Beckham,['talent show'],34
road to atl,Stephen Day,['indiecoustica'],50
road to atl,Snoh Aalegra,"['alternative r&b', 'neo soul', 'r&b', 'scandinavian r&b', 'swedish soul']",65
road to atl,VIC MENSA,"['chicago rap', 'conscious hip hop', 'hip hop', 'pop rap', 'rap', 'trap', 'underground hip hop']",59
road to atl,Leon Bridges,['modern blues'],71
road to atl,James Blake,"['electronica', 'indie soul', 'uk alternative pop']",65
road to atl,James Blake,"['electronica', 'indie soul', 'uk alternative pop']",65
road to atl,Champagne Pa,,2
road to atl,Adele,"['british soul', 'pop', 'pop soul', 'uk pop']",84
road to atl,MILCK,['la pop'],40
road to atl,Snoh Aalegra,"['alternative r&b', 'neo soul', 'r&b', 'scandinavian r&b', 'swedish soul']",65
road to atl,Lola Young,['uk pop'],38
road to atl,Natalie Lauren,['high vibe'],31
road to atl,Natalie Lauren,['high vibe'],31
road to atl,Thirdstory,['nyc pop'],44
road to atl,Eryn Allen Kane,"['alternative r&b', 'neo soul']",54
road to atl,Anna Golden,"['anthem worship', 'apostolic worship', 'ccm', 'christian pop', 'world worship']",47
road to atl,The Zombies,"['baroque pop', 'british invasion', 'bubblegum pop', 'classic rock', 'folk rock', 'psychedelic rock', 'rock']",58
road to atl,PJ Morton,"['neo soul', 'r&b', 'urban contemporary']",58
road to atl,Tom Petty,"['album rock', 'classic rock', 'country rock', 'folk rock', 'heartland rock', 'mellow gold', 'pop rock', 'rock', 'singer-songwriter', 'soft rock']",67
road to atl,Yebba,['pop soul'],65
road to atl,MAX,"['dance pop', 'pop', 'post-teen pop', 'viral pop']",69
road to atl,Quinn XCII,"['electropop', 'indie pop rap', 'pop', 'pop rap']",65
road to atl,David Lunsford,,4
road to atl,Allen Stone,"['neo mellow', 'neo soul', 'retro soul']",54
road to atl,Bad Bunny,"['reggaeton', 'trap latino']",97
road to atl,Jowell & Randy,"['latin hip hop', 'perreo', 'reggaeton', 'reggaeton flow', 'trap latino']",69
road to atl,Ñengo Flow,"['latin hip hop', 'reggaeton', 'reggaeton flow', 'trap latino']",79
road to atl,Jessie Mueller,"['broadway', 'hollywood', 'show tunes']",54
road to atl,Keala Settle,"['broadway', 'hollywood', 'show tunes']",63
road to atl,Kimiko Glenn,['otacore'],53
road to atl,Hunter Hayes,"['contemporary country', 'country', 'country road', 'modern country rock', 'neo mellow', 'pop', 'post-teen pop']",59
road to atl,Natalie Cole,"['adult standards', 'lounge', 'mellow gold', 'quiet storm', 'vocal jazz']",62
road to atl,Brooks & Dunn,"['contemporary country', 'country', 'country road', 'country rock']",68
road to atl,Brooks & Dunn,"['contemporary country', 'country', 'country road', 'country rock']",68
road to atl,Taylor Swift,['pop'],100
road to atl,Aron Wright,['acoustic pop'],42
road to atl,Hunter Hayes,"['contemporary country', 'country', 'country road', 'modern country rock', 'neo mellow', 'pop', 'post-teen pop']",59
road to atl,George Strait,"['contemporary country', 'country', 'country road', 'country rock']",71
road to atl,Francis and the Lights,,48
road to atl,Chance the Rapper,"['chicago rap', 'conscious hip hop', 'hip hop', 'pop rap', 'rap']",74
road to atl,Bahamas,"['canadian indie', 'indie folk', 'indie pop', 'new americana', 'stomp and holler']",60
road to atl,Thomas Rhett,"['contemporary country', 'country', 'country road']",72
road to atl,Big Time Rush,"['boy band', 'dance pop', 'pop', 'post-teen pop']",64
road to atl,Maren Morris,"['contemporary country', 'country', 'pop', 'texas country']",72
road to atl,James Blake,"['electronica', 'indie soul', 'uk alternative pop']",65
road to atl,James Blake,"['electronica', 'indie soul', 'uk alternative pop']",65
road to atl,Sampha,['indie soul'],63
road to atl,David Archuleta,"['dance pop', 'idol', 'lds youth', 'post-teen pop', 'viral pop']",54
Apt. 435,Nina Simone,"['jazz blues', 'soul', 'soul jazz', 'torch song', 'vocal jazz']",67
Apt. 435,Bon Iver,"['eau claire indie', 'indie folk', 'melancholia']",75
Apt. 435,The Zombies,"['baroque pop', 'british invasion', 'bubblegum pop', 'classic rock', 'folk rock', 'psychedelic rock', 'rock']",58
Apt. 435,Tom Petty,"['album rock', 'classic rock', 'country rock', 'folk rock', 'heartland rock', 'mellow gold', 'pop rock', 'rock', 'singer-songwriter', 'soft rock']",67
Apt. 435,Aron Wright,['acoustic pop'],42
Apt. 435,MILCK,['la pop'],40
Apt. 435,Anna Golden,"['anthem worship', 'apostolic worship', 'ccm', 'christian pop', 'world worship']",47
Apt. 435,The Black Atlantic,['dutch indie'],24
Apt. 435,NEEDTOBREATHE,"['ccm', 'christian alternative rock', 'christian indie', 'christian music', 'folk-pop', 'indiecoustica', 'neo mellow', 'worship']",62
Apt. 435,John Lucas,"['anthem worship', 'christian indie', 'christian pop', 'indiecoustica']",40
Apt. 435,Johnnyswim,"['acoustic pop', 'folk-pop', 'indiecoustica', 'neo mellow', 'stomp and holler']",52
Apt. 435,Maverick City Music,,69
Apt. 435,Joe L Barnes,,55
Apt. 435,Naomi Raine,,60
Apt. 435,Maverick City Music,,69
Apt. 435,Chandler Moore,,63
Apt. 435,KJ Scriven,['praise'],42
march to aug '20,The New Respects,['nashville indie'],29
march to aug '20,Jesse Daniel Smith,,28
march to aug '20,Isa Ma,,30
march to aug '20,Amanda Sudano-Ramirez,,
march to aug '20,Jason Upton,"['anthem worship', 'ccm', 'christian music', 'deep ccm', 'world worship', 'worship']",43
march to aug '20,Thomas Austin,['modern indie folk'],22
march to aug '20,Jon Henry,,15
march to aug '20,The New Respects,['nashville indie'],29
march to aug '20,Josiah,['stoner rock'],1
march to aug '20,The New Respects,['nashville indie'],29
march to aug '20,Ariana Grande,"['dance pop', 'pop']",88
march to aug '20,NEEDTOBREATHE,"['ccm', 'christian alternative rock', 'christian indie', 'christian music', 'folk-pop', 'indiecoustica', 'neo mellow', 'worship']",62
march to aug '20,Steffany Gretzinger,"['ccm', 'instrumental worship', 'world worship', 'worship']",58
march to aug '20,Amanda Cook,"['anthem worship', 'canadian ccm']",53
march to aug '20,Wonder Grace Gretzinger,,28
march to aug '20,Steffany Gretzinger,"['ccm', 'instrumental worship', 'world worship', 'worship']",58
march to aug '20,Bleachers,"['double drumming', 'indie pop', 'indie poptimism', 'modern alternative rock', 'modern rock', 'pop']",63
to my future daughter or son,Sleeping At Last,"['ambient worship', 'chamber pop', 'pop']",69
to my future daughter or son,Sleeping At Last,"['ambient worship', 'chamber pop', 'pop']",69
to my future daughter or son,Jessie Mueller,"['broadway', 'hollywood', 'show tunes']",54
to my future daughter or son,Keala Settle,"['broadway', 'hollywood', 'show tunes']",63
to my future daughter or son,Kimiko Glenn,['otacore'],53
to my future daughter or son,Waitress Original Broadway Cast Ensemble,['broadway'],52
to my future daughter or son,Jason Upton,"['anthem worship', 'ccm', 'christian music', 'deep ccm', 'world worship', 'worship']",43
the great escape,Vance Joy,"['folk-pop', 'pop']",74
the great escape,Ben Howard,"['british singer-songwriter', 'folk-pop', 'indie folk', 'neo mellow', 'stomp and holler']",64
the great escape,Sylvan Esso,"['electropop', 'etherpop', 'indie pop', 'indie rock']",57
disney!!!!!!!!!!!!!,Susan Egan,"['broadway', 'hollywood', 'movie tunes', 'show tunes']",52
disney!!!!!!!!!!!!!,Cheryl Freeman,"['disney', 'movie tunes']",56
disney!!!!!!!!!!!!!,LaChanze,['movie tunes'],56
disney!!!!!!!!!!!!!,Vaneese Thomas,,56
disney!!!!!!!!!!!!!,Lillias White,['disney'],56
disney!!!!!!!!!!!!!,Disney,,80
disney!!!!!!!!!!!!!,Donny Osmond,"['adult standards', 'bubblegum pop', 'classic uk pop']",55
disney!!!!!!!!!!!!!,Chorus - Mulan,"['disney', 'movie tunes']",56
disney!!!!!!!!!!!!!,Disney,,80
disney!!!!!!!!!!!!!,Jeremy Irons,['movie tunes'],43
disney!!!!!!!!!!!!!,Whoopi Goldberg,,43
disney!!!!!!!!!!!!!,Cheech Marin,,43
disney!!!!!!!!!!!!!,Jim Cummings,"[""children's music"", 'disney', 'hollywood', 'movie tunes']",53
disney!!!!!!!!!!!!!,Lea Salonga,"['hollywood', 'movie tunes', 'show tunes', 'tagalog worship']",58
disney!!!!!!!!!!!!!,Brad Kane,"['disney', 'movie tunes']",54
disney!!!!!!!!!!!!!,Disney,,80
disney!!!!!!!!!!!!!,Auli'i Cravalho,"['disney', 'hollywood', 'movie tunes', 'show tunes']",62
disney!!!!!!!!!!!!!,Joseph Williams,"['disney', 'movie tunes']",55
disney!!!!!!!!!!!!!,Sally Dworsky,['movie tunes'],47
disney!!!!!!!!!!!!!,Nathan Lane,"['broadway', 'disney', 'hollywood', 'movie tunes', 'show tunes']",55
disney!!!!!!!!!!!!!,Ernie Sabella,"['disney', 'movie tunes']",55
disney!!!!!!!!!!!!!,Kristle Edwards,,46
disney!!!!!!!!!!!!!,Phil Harris,['movie tunes'],51
disney!!!!!!!!!!!!!,Bruce Reitherman,"['disney', 'movie tunes']",48
disney!!!!!!!!!!!!!,Louis Prima,"['adult standards', 'jump blues', 'lounge', 'swing', 'vocal jazz']",57
disney!!!!!!!!!!!!!,Phil Harris,['movie tunes'],51
disney!!!!!!!!!!!!!,Bruce Reitherman,"['disney', 'movie tunes']",48
disney!!!!!!!!!!!!!,Phil Harris,['movie tunes'],51
disney!!!!!!!!!!!!!,Sierra Boggess as Ariel,"['broadway', 'show tunes']",36
disney!!!!!!!!!!!!!,Jodi Benson,"['disney', 'hollywood', 'movie tunes', 'show tunes']",54
disney!!!!!!!!!!!!!,Disney,,80
disney!!!!!!!!!!!!!,Samuel E. Wright,"['disney', 'hollywood', 'movie tunes', 'show tunes']",55
disney!!!!!!!!!!!!!,Disney,,80
disney!!!!!!!!!!!!!,Phil Collins,"['mellow gold', 'rock drums', 'soft rock']",74
disney!!!!!!!!!!!!!,Phil Collins,"['mellow gold', 'rock drums', 'soft rock']",74
disney!!!!!!!!!!!!!,Jason Weaver,['movie tunes'],58
disney!!!!!!!!!!!!!,Rowan Atkinson,['british comedy'],52
disney!!!!!!!!!!!!!,Laura Williams,['movie tunes'],52
disney!!!!!!!!!!!!!,Nathan Lane,"['broadway', 'disney', 'hollywood', 'movie tunes', 'show tunes']",55
disney!!!!!!!!!!!!!,Ernie Sabella,"['disney', 'movie tunes']",55
disney!!!!!!!!!!!!!,Jason Weaver,['movie tunes'],58
disney!!!!!!!!!!!!!,Joseph Williams,"['disney', 'movie tunes']",55
disney!!!!!!!!!!!!!,Ilene Woods,['movie tunes'],48
disney!!!!!!!!!!!!!,Cinderella's Mice Chorus,"['disney', 'movie tunes']",30
disney!!!!!!!!!!!!!,Ilene Woods,['movie tunes'],48
disney!!!!!!!!!!!!!,Mike Douglas,['movie tunes'],45
disney!!!!!!!!!!!!!,Julie Andrews,"['hollywood', 'movie tunes', 'show tunes']",56
disney!!!!!!!!!!!!!,Julie Andrews,"['hollywood', 'movie tunes', 'show tunes']",56
disney!!!!!!!!!!!!!,Dick Van Dyke,"['hollywood', 'movie tunes']",49
disney!!!!!!!!!!!!!,The Pearlie Chorus,,43
disney!!!!!!!!!!!!!,Bobby Driscoll,"['disney', 'movie tunes']",30
disney!!!!!!!!!!!!!,Kathryn Beaumont,"['disney', 'movie tunes']",39
disney!!!!!!!!!!!!!,Paul Collins,,30
disney!!!!!!!!!!!!!,Tommy Luske,['movie tunes'],26
disney!!!!!!!!!!!!!,The Jud Conlon Chorus,"['disney', 'movie tunes']",34
disney!!!!!!!!!!!!!,Mark Keali'i Ho'omalu,['movie tunes'],54
disney!!!!!!!!!!!!!,Kamehameha Schools Children's Chorus,['movie tunes'],54
disney!!!!!!!!!!!!!,Pat Carroll,"['disney', 'movie tunes']",45
disney!!!!!!!!!!!!!,Disney,,80
disney!!!!!!!!!!!!!,Kristen Bell,"['disney', 'hollywood']",64
disney!!!!!!!!!!!!!,Idina Menzel,"['hollywood', 'show tunes']",69
disney!!!!!!!!!!!!!,Kristen Bell,"['disney', 'hollywood']",64
disney!!!!!!!!!!!!!,Agatha Lee Monn,,52
disney!!!!!!!!!!!!!,Katie Lopez,,52
disney!!!!!!!!!!!!!,Kristen Bell,"['disney', 'hollywood']",64
disney!!!!!!!!!!!!!,Santino Fontana,['broadway'],55
disney!!!!!!!!!!!!!,Mandy Moore,"['dance pop', 'hollywood', 'post-teen pop']",63
disney!!!!!!!!!!!!!,Zachary Levi,"['broadway', 'show tunes']",55
disney!!!!!!!!!!!!!,Amy Adams,"['disney', 'hollywood', 'movie tunes']",52
disney!!!!!!!!!!!!!,Amy Adams,"['disney', 'hollywood', 'movie tunes']",52
disney!!!!!!!!!!!!!,James Marsden,['hollywood'],42
disney!!!!!!!!!!!!!,Jemaine Clement,,48
disney!!!!!!!!!!!!!,Dwayne Johnson,,61
disney!!!!!!!!!!!!!,Chorus - Hercules,"['disney', 'movie tunes']",47
disney!!!!!!!!!!!!!,Lillias White,['disney'],56
disney!!!!!!!!!!!!!,Cheryl Freeman,"['disney', 'movie tunes']",56
disney!!!!!!!!!!!!!,LaChanze,['movie tunes'],56
disney!!!!!!!!!!!!!,Roz Ryan,,53
disney!!!!!!!!!!!!!,Vaneese Thomas,,56
disney!!!!!!!!!!!!!,Tawatha Agee,['movie tunes'],46
disney!!!!!!!!!!!!!,Lea Salonga,"['hollywood', 'movie tunes', 'show tunes', 'tagalog worship']",58
disney!!!!!!!!!!!!!,Harvey Fierstein,,45
disney!!!!!!!!!!!!!,Matthew Wilder,['new wave pop'],56
disney!!!!!!!!!!!!!,James Hong,,44
disney!!!!!!!!!!!!!,Jerry Tondo,,44
disney!!!!!!!!!!!!!,Disney,,80
disney!!!!!!!!!!!!!,Randy Newman,"['disney', 'hollywood', 'movie tunes', 'singer-songwriter']",59
disney!!!!!!!!!!!!!,Scatman Crothers,['movie tunes'],34
disney!!!!!!!!!!!!!,Phil Harris,['movie tunes'],51
disney!!!!!!!!!!!!!,Thurl Ravenscroft,['movie tunes'],57
disney!!!!!!!!!!!!!,Liz English,['movie tunes'],35
disney!!!!!!!!!!!!!,Rodgers + Hammerstein's Cinderella (Original Broadway Cast),,
disney!!!!!!!!!!!!!,Carmen Twillie,"['disney', 'movie tunes']",49
disney!!!!!!!!!!!!!,Lebo M.,"['disney', 'movie tunes']",56
disney!!!!!!!!!!!!!,Roger Bart,"['broadway', 'disney', 'hollywood', 'movie tunes', 'show tunes']",48
disney!!!!!!!!!!!!!,Samuel E. Wright,"['disney', 'hollywood', 'movie tunes', 'show tunes']",55
disney!!!!!!!!!!!!!,Disney,,80
disney!!!!!!!!!!!!!,Judy Kuhn,"['hollywood', 'movie tunes', 'show tunes']",52
disney!!!!!!!!!!!!!,Amy Adams,"['disney', 'hollywood', 'movie tunes']",52
disney!!!!!!!!!!!!!,Cheryl Freeman,"['disney', 'movie tunes']",56
disney!!!!!!!!!!!!!,LaChanze,['movie tunes'],56
disney!!!!!!!!!!!!!,Vaneese Thomas,,56
disney!!!!!!!!!!!!!,Lillias White,['disney'],56
disney!!!!!!!!!!!!!,Roz Ryan,,53
disney!!!!!!!!!!!!!,Lea Salonga,"['hollywood', 'movie tunes', 'show tunes', 'tagalog worship']",58
disney!!!!!!!!!!!!!,Beth Fowler,"['disney', 'movie tunes']",43
disney!!!!!!!!!!!!!,Marni Nixon,,46
disney!!!!!!!!!!!!!,Chorus - Mulan,"['disney', 'movie tunes']",56
disney!!!!!!!!!!!!!,Disney,,80
disney!!!!!!!!!!!!!,Julie Andrews,"['hollywood', 'movie tunes', 'show tunes']",56
disney!!!!!!!!!!!!!,Raven-Symoné,['post-teen pop'],37
disney!!!!!!!!!!!!!,Adriana Caselotti,['movie tunes'],41
disney!!!!!!!!!!!!!,Mary Costa,"['disney', 'movie tunes']",36
disney!!!!!!!!!!!!!,Bill Shirley,"['disney', 'movie tunes']",35
disney!!!!!!!!!!!!!,Chorus - Sleeping Beauty,"['disney', 'french movie tunes', 'movie tunes']",40
disney!!!!!!!!!!!!!,Phil Collins,"['mellow gold', 'rock drums', 'soft rock']",74
disney!!!!!!!!!!!!!,Mark Keali'i Ho'omalu,['movie tunes'],54
disney!!!!!!!!!!!!!,Kamehameha Schools Children's Chorus,['movie tunes'],54
disney!!!!!!!!!!!!!,Anika Noni Rose,"['hollywood', 'movie tunes']",55
disney!!!!!!!!!!!!!,Richard White,['movie tunes'],45
disney!!!!!!!!!!!!!,Paige O'Hara,['movie tunes'],47
disney!!!!!!!!!!!!!,Chorus - Beauty And the Beast,['disney'],51
disney!!!!!!!!!!!!!,Disney,,80
feb '20,Eva Noblezada,"['broadway', 'hollywood', 'show tunes']",51
feb '20,Reeve Carney,"['broadway', 'hollywood', 'show tunes']",51
feb '20,Anaïs Mitchell,['indie folk'],60
feb '20,Hadestown Original Broadway Company,"['broadway', 'show tunes']",56
feb '20,Allen Stone,"['neo mellow', 'neo soul', 'retro soul']",54
feb '20,Khruangbin,['neo-psychedelic'],69
feb '20,Leon Bridges,['modern blues'],71
feb '20,Red Rocks Worship,"['anthem worship', 'ccm', 'world worship']",52
feb '20,Bleachers,"['double drumming', 'indie pop', 'indie poptimism', 'modern alternative rock', 'modern rock', 'pop']",63
feb '20,Roddy Ricch,"['melodic rap', 'rap', 'trap']",81
feb '20,Mustard,"['cali rap', 'hip hop', 'pop', 'pop rap', 'rap', 'southern hip hop', 'trap']",73
feb '20,Will Breman,,16
feb '20,Stacy Capers,,3
feb '20,Natalie Lauren,['high vibe'],31
feb '20,Allen Stone,"['neo mellow', 'neo soul', 'retro soul']",54
feb '20,Tobe Nwigwe,"['christian hip hop', 'houston rap']",57
feb '20,Allen Stone,"['neo mellow', 'neo soul', 'retro soul']",54
feb '20,Dermot Kennedy,"['folk-pop', 'irish pop', 'pop']",74
feb '20,Dermot Kennedy,"['folk-pop', 'irish pop', 'pop']",74
feb '20,SYML,['pop'],70
feb '20,The Guest and the Host,,24
feb '20,Yam Haus,['wisconsin indie'],30
feb '20,Evann McIntosh,,43
feb '20,Tori Kelly,"['dance pop', 'pop']",66
feb '20,Niall Horan,"['dance pop', 'pop', 'post-teen pop']",75
feb '20,The Hussey Brothers,,19
that new new country,Cody Johnson,"['contemporary country', 'country', 'country road', 'texas country']",72
that new new country,Cody Johnson,"['contemporary country', 'country', 'country road', 'texas country']",72
that new new country,Cody Johnson,"['contemporary country', 'country', 'country road', 'texas country']",72
that new new country,Cody Johnson,"['contemporary country', 'country', 'country road', 'texas country']",72
that new new country,Cody Johnson,"['contemporary country', 'country', 'country road', 'texas country']",72
that new new country,Cody Johnson,"['contemporary country', 'country', 'country road', 'texas country']",72
that new new country,Cody Johnson,"['contemporary country', 'country', 'country road', 'texas country']",72
that new new country,Cody Johnson,"['contemporary country', 'country', 'country road', 'texas country']",72
that new new country,Kane Brown,"['black americana', 'contemporary country', 'country', 'country road']",73
that new new country,Thomas Rhett,"['contemporary country', 'country', 'country road']",72
that new new country,Jon Pardi,"['contemporary country', 'country', 'country road', 'modern country rock']",70
that new new country,Old Dominion,"['contemporary country', 'country', 'country road']",66
that new new country,Thomas Rhett,"['contemporary country', 'country', 'country road']",72
that new new country,Thomas Rhett,"['contemporary country', 'country', 'country road']",72
that new new country,Kacey Musgraves,"['country dawn', 'pop', 'texas country']",69
that new new country,Maren Morris,"['contemporary country', 'country', 'pop', 'texas country']",72
that new new country,Maren Morris,"['contemporary country', 'country', 'pop', 'texas country']",72
that new new country,Maren Morris,"['contemporary country', 'country', 'pop', 'texas country']",72
that new new country,Thomas Rhett,"['contemporary country', 'country', 'country road']",72
that new new country,Jake Owen,"['contemporary country', 'country', 'country road']",63
that new new country,Brooks & Dunn,"['contemporary country', 'country', 'country road', 'country rock']",68
that new new country,Kacey Musgraves,"['country dawn', 'pop', 'texas country']",69
that new new country,Walker Hayes,"['contemporary country', 'country', 'country road', 'modern country rock']",66
that new new country,Matt Stell,"['arkansas country', 'contemporary country', 'country', 'country pop', 'country road']",53
that new new country,Josh Abbott Band,"['contemporary country', 'country', 'country road', 'modern country rock', 'red dirt', 'texas country']",58
when you realize you’re both in love,Ariana Grande,"['dance pop', 'pop']",88
when you realize you’re both in love,Allen Stone,"['neo mellow', 'neo soul', 'retro soul']",54
when you realize you’re both in love,Adekunle Gold,"['afropop', 'alte', 'azontobeats', 'nigerian hip hop', 'nigerian pop']",62
when you realize you’re both in love,Kizz Daniel,"['afropop', 'azontobeats', 'nigerian pop']",65
when you realize you’re both in love,Bleachers,"['double drumming', 'indie pop', 'indie poptimism', 'modern alternative rock', 'modern rock', 'pop']",63
when you realize you’re both in love,Fleetwood Mac,"['album rock', 'classic rock', 'rock', 'soft rock', 'yacht rock']",78
when you realize you’re both in love,Cody Simpson,"['australian pop', 'dance pop', 'pop', 'post-teen pop', 'viral pop']",55
when you realize you’re both in love,Tobe Nwigwe,"['christian hip hop', 'houston rap']",57
when you realize you’re both in love,Snoh Aalegra,"['alternative r&b', 'neo soul', 'r&b', 'scandinavian r&b', 'swedish soul']",65
when you realize you’re both in love,James Blake,"['electronica', 'indie soul', 'uk alternative pop']",65
jan '20,Jeremy Zucker,"['electropop', 'pop']",72
jan '20,The Kooks,"['brighton indie', 'modern rock', 'rock']",66
jan '20,Roddy Ricch,"['melodic rap', 'rap', 'trap']",81
jan '20,The Kooks,"['brighton indie', 'modern rock', 'rock']",66
jan '20,Ruel,"['australian alternative pop', 'dance pop', 'electropop', 'pop', 'post-teen pop']",67
jan '20,Afro Nation,,28
jan '20,Bisa Kdei,"['afro dancehall', 'afropop', 'azontobeats', 'ghanaian hip hop', 'ghanaian pop']",43
jan '20,Adekunle Gold,"['afropop', 'alte', 'azontobeats', 'nigerian hip hop', 'nigerian pop']",62
jan '20,Sea Wolf,"['chamber pop', 'indie folk', 'indie pop', 'indie rock', 'la indie', 'stomp and holler']",44
jan '20,Harry Styles,['pop'],89
jan '20,OLY,,28
jan '20,Nina Soro,,21
jan '20,Champagne Lane,['atlanta indie'],33
jan '20,Aaron Tveit,"['broadway', 'hollywood', 'show tunes']",53
jan '20,The Head And The Heart,"['folk-pop', 'indie folk', 'seattle indie', 'stomp and holler']",62
jan '20,Justin Bieber,"['canadian pop', 'pop']",89
jan '20,Harry Styles,['pop'],89
jan '20,Taylor Swift,['pop'],100
summer2019,Maren Morris,"['contemporary country', 'country', 'pop', 'texas country']",72
summer2019,Bethany Dillon,"['ccm', 'christian alternative rock', 'christian music', 'worship']",33
summer2019,Jim Croce,"['album rock', 'classic rock', 'country rock', 'folk', 'folk rock', 'mellow gold', 'rock', 'roots rock', 'singer-songwriter', 'soft rock']",64
summer2019,Natalia Lafourcade,"['latin alternative', 'latin pop', 'mexican pop', 'rock en espanol', 'veracruz indie']",72
summer2019,Los Macorinos,,57
summer2019,Maren Morris,"['contemporary country', 'country', 'pop', 'texas country']",72
summer2019,Matt Stell,"['arkansas country', 'contemporary country', 'country', 'country pop', 'country road']",53
summer2019,Natalia Lafourcade,"['latin alternative', 'latin pop', 'mexican pop', 'rock en espanol', 'veracruz indie']",72
summer2019,Los Macorinos,,57
summer2019,Sampha,['indie soul'],63
summer2019,Thomas Rhett,"['contemporary country', 'country', 'country road']",72
summer2019,Jonas Brothers,"['boy band', 'dance pop', 'pop', 'post-teen pop']",75
summer2019,Jonas Brothers,"['boy band', 'dance pop', 'pop', 'post-teen pop']",75
summer2019,Noah Kahan,['pop'],75
summer2019,Becky G,"['dance pop', 'latin pop', 'latin viral pop', 'pop', 'rap latina', 'reggaeton']",78
summer2019,Myke Towers,"['reggaeton', 'trap latino']",84
summer2019,Bruno Mars,"['dance pop', 'pop']",87
summer2019,Alec Benjamin,"['alt z', 'electropop', 'pop']",76
summer2019,Chyno Miranda,['pop reggaeton'],46
summer2019,Mau y Ricky,"['latin pop', 'pop venezolano', 'reggaeton', 'trap latino']",73
Angola 70's,Artur Nunes,['semba'],17
Angola 70's,Artur Nunes,['semba'],17
Angola 70's,Africa Show,['semba'],1
Angola 70's,Teta Lando,['semba'],17
Angola 70's,David Zé,['semba'],14
Angola 70's,Sofia Rosa,['semba'],1
Angola 70's,Urbano de Castro,['semba'],9
Angola 70's,David Zé,['semba'],14
Angola 70's,Artur Nunes,['semba'],17
Angola 70's,Legalize,,4
Angola 70's,David Zé,['semba'],14
Angola 70's,Banda Maravilha,['semba'],7
Angola 70's,David Zé,['semba'],14
Angola 70's,Artur Nunes,['semba'],17
Angola 70's,António Paulino,['semba'],5
Angola 70's,MCK,,19
Angola 70's,Artur Nunes,['semba'],17
Angola 70's,Bangão,['semba'],16
Angola 70's,David Zé,['semba'],14
Angola 70's,Paulo Flores,"['kizomba antigas', 'musica angolana', 'semba']",32
Angola 70's,Sofia Rosa,['semba'],1
Angola 70's,Os Kiezos,['semba'],15
Angola 70's,Luiz Visconde,['semba'],2
Angola 70's,DJ Dias Rodrigues,"['kizomba', 'musica angolana']",22
Angola 70's,Guilherme Silva,,1
Angola 70's,Paulo Flores,"['kizomba antigas', 'musica angolana', 'semba']",32
Angola 70's,Paulo Flores,"['kizomba antigas', 'musica angolana', 'semba']",32
Angola 70's,David Zé,['semba'],14
Angola 70's,Urbano de Castro,['semba'],9
Angola 70's,António Paulino,['semba'],5
Angola 70's,Livongh,['musica angolana'],17
Angola 70's,Matias Damásio,"['kizomba', 'musica angolana', 'portuguese pop', 'semba']",49
Angola 70's,Sofia Rosa,['semba'],1
Angola 70's,Bonga,"['afropop', 'semba', 'world']",46
Angola 70's,Africa Tentaçao,['musica cabo-verdiana'],6
Angola 70's,Paulo Flores,"['kizomba antigas', 'musica angolana', 'semba']",32
Angola 70's,Oscar Neves,['semba'],4
Angola 70's,Yuri da Cunha,"['kizomba', 'musica angolana', 'semba']",32
Angola 70's,Paulo Flores,"['kizomba antigas', 'musica angolana', 'semba']",32
Angola 70's,Ildo Lobo,['morna'],22
Angola 70's,Amália Rodrigues,"['fado', 'fado antigo', 'fado de coimbra']",42
Angola 70's,Sofia Rosa,['semba'],1
Angola 70's,David Zé,['semba'],14
Angola 70's,António dos Santos,['fado'],11
Angola 70's,Ildo Lobo,['morna'],22
Angola 70's,Ildo Lobo,['morna'],22
Angola 70's,Bana,"['cape verdean folk', 'morna', 'musica cabo-verdiana']",28
Angola 70's,Bana,"['cape verdean folk', 'morna', 'musica cabo-verdiana']",28
Angola 70's,Ildo Lobo,['morna'],22
Angola 70's,Bonga,"['afropop', 'semba', 'world']",46
Angola 70's,Paulo Flores,"['kizomba antigas', 'musica angolana', 'semba']",32
4/12/19,United Pursuit,"['anthem worship', 'ccm', 'deep ccm', 'world worship', 'worship']",53
4/12/19,Will Reagan,"['anthem worship', 'ccm', 'deep ccm', 'indiecoustica', 'world worship', 'worship']",51
4/12/19,Rivers & Robots,"['ambient worship', 'christian pop']",44
4/12/19,John Ward,,15
4/12/19,Kings (MHM),['christian indie'],29
4/12/19,Citizens,"['anthem worship', 'ccm', 'christian indie', 'christian pop', 'christian rock', 'indiecoustica', 'roots worship', 'worship']",46
4/12/19,Kings Kaleidoscope,"['ccm', 'christian uplift', 'indiecoustica', 'roots worship']",53
4/12/19,Madison Cunningham,"['indie folk', 'indie pop', 'pop folk']",52
4/12/19,Madison Cunningham,"['indie folk', 'indie pop', 'pop folk']",52
4/12/19,Steffany Gretzinger,"['ccm', 'instrumental worship', 'world worship', 'worship']",58
4/12/19,Phil Wickham,"['ccm', 'christian alternative rock', 'christian indie', 'christian music', 'world worship', 'worship']",64
4/12/19,Liz Vice,['portland hip hop'],38
4/12/19,Liz Vice,['portland hip hop'],38
4/12/19,Josh Garrels,"['acoustic pop', 'christian indie', 'indiecoustica', 'indy indie', 'roots worship', 'stomp and holler']",52
4/12/19,Lauren Daigle,"['ccm', 'christian alternative rock', 'christian music', 'worship']",67
4/12/19,Stars Go Dim,"['ccm', 'christian pop']",45
4/12/19,Roo Panes,"['british singer-songwriter', 'indie folk', 'indiecoustica', 'new americana', 'stomp and holler']",55
4/12/19,Leon Bridges,['modern blues'],71
4/12/19,Sleeping At Last,"['ambient worship', 'chamber pop', 'pop']",69
4/12/19,Nina Simone,"['jazz blues', 'soul', 'soul jazz', 'torch song', 'vocal jazz']",67
4/12/19,Sleeping At Last,"['ambient worship', 'chamber pop', 'pop']",69
4/12/19,Sleeping At Last,"['ambient worship', 'chamber pop', 'pop']",69
4/12/19,Josh Garrels,"['acoustic pop', 'christian indie', 'indiecoustica', 'indy indie', 'roots worship', 'stomp and holler']",52
4/12/19,Josh Garrels,"['acoustic pop', 'christian indie', 'indiecoustica', 'indy indie', 'roots worship', 'stomp and holler']",52
4/12/19,Victory,,33
4/12/19,Mack Brock,"['anthem worship', 'ccm', 'christian pop', 'world worship']",46
4/12/19,Amanda Cook,"['anthem worship', 'canadian ccm']",53
4/12/19,Chance the Rapper,"['chicago rap', 'conscious hip hop', 'hip hop', 'pop rap', 'rap']",74
4/12/19,MILCK,['la pop'],40
4/12/19,The Zombies,"['baroque pop', 'british invasion', 'bubblegum pop', 'classic rock', 'folk rock', 'psychedelic rock', 'rock']",58
4/12/19,Citizens,"['anthem worship', 'ccm', 'christian indie', 'christian pop', 'christian rock', 'indiecoustica', 'roots worship', 'worship']",46
Current Plane Playlist,James Blake,"['electronica', 'indie soul', 'uk alternative pop']",65
Current Plane Playlist,Sara Bareilles,"['acoustic pop', 'hollywood', 'lilith', 'neo mellow', 'pop', 'pop rock']",65
Current Plane Playlist,Sara Bareilles,"['acoustic pop', 'hollywood', 'lilith', 'neo mellow', 'pop', 'pop rock']",65
Current Plane Playlist,Kings Kaleidoscope,"['ccm', 'christian uplift', 'indiecoustica', 'roots worship']",53
Current Plane Playlist,Tom Petty,"['album rock', 'classic rock', 'country rock', 'folk rock', 'heartland rock', 'mellow gold', 'pop rock', 'rock', 'singer-songwriter', 'soft rock']",67
Current Plane Playlist,Mumford & Sons,"['modern folk rock', 'stomp and holler', 'uk americana']",71
Current Plane Playlist,India.Arie,"['high vibe', 'hip pop', 'neo soul', 'r&b', 'urban contemporary']",54
Current Plane Playlist,Vampire Weekend,"['baroque pop', 'indie rock', 'modern rock', 'rock']",64
Current Plane Playlist,Mumford & Sons,"['modern folk rock', 'stomp and holler', 'uk americana']",71
Current Plane Playlist,Mumford & Sons,"['modern folk rock', 'stomp and holler', 'uk americana']",71
Current Plane Playlist,Mumford & Sons,"['modern folk rock', 'stomp and holler', 'uk americana']",71
Current Plane Playlist,The Avett Brothers,"['indie folk', 'new americana', 'north carolina indie', 'north carolina roots', 'progressive bluegrass', 'stomp and holler']",60
Current Plane Playlist,Bright Eyes,"['chamber pop', 'indie pop', 'indie rock', 'melancholia', 'omaha indie', 'stomp and holler']",57
Current Plane Playlist,Dermot Kennedy,"['folk-pop', 'irish pop', 'pop']",74
Current Plane Playlist,Dermot Kennedy,"['folk-pop', 'irish pop', 'pop']",74
Current Plane Playlist,Hozier,"['irish singer-songwriter', 'pop']",77
Current Plane Playlist,Lake Street Dive,"['boston rock', 'new americana']",60
Current Plane Playlist,Panic! At The Disco,['modern rock'],77
Current Plane Playlist,Eloise,['bedroom soul'],55
Current Plane Playlist,Thirdstory,['nyc pop'],44
Current Plane Playlist,Sammy Rae & The Friends,"['indie pop', 'nyc pop']",54
Current Plane Playlist,Sammy Rae & The Friends,"['indie pop', 'nyc pop']",54
Current Plane Playlist,Sammy Rae & The Friends,"['indie pop', 'nyc pop']",54
Current Plane Playlist,Camilo,"['colombian pop', 'reggaeton colombiano']",80
Current Plane Playlist,Ariana Grande,"['dance pop', 'pop']",88
Current Plane Playlist,Ludo,['tulsa indie'],44
Current Plane Playlist,WILLOW,"['afrofuturism', 'pop', 'post-teen pop']",74
Current Plane Playlist,Travis Barker,['rap rock'],70
Current Plane Playlist,Finding ‘Ohana Cast,,6
Current Plane Playlist,Ben Platt,"['hollywood', 'pop', 'show tunes']",64
Introducing:,Chance the Rapper,"['chicago rap', 'conscious hip hop', 'hip hop', 'pop rap', 'rap']",74
Introducing:,Nina Simone,"['jazz blues', 'soul', 'soul jazz', 'torch song', 'vocal jazz']",67
Introducing:,Jamila Woods,"['afrofuturism', 'alternative r&b', 'escape room', 'indie soul']",51
Introducing:,Sleeping At Last,"['ambient worship', 'chamber pop', 'pop']",69
Introducing:,Dermot Kennedy,"['folk-pop', 'irish pop', 'pop']",74
Introducing:,MILCK,['la pop'],40
Introducing:,Josh Garrels,"['acoustic pop', 'christian indie', 'indiecoustica', 'indy indie', 'roots worship', 'stomp and holler']",52
Introducing:,Kevin Penkin,['anime score'],53
florence,Kevin Penkin,['anime score'],53
florence,Kevin Penkin,['anime score'],53
florence,Kevin Penkin,['anime score'],53
florence,Kevin Penkin,['anime score'],53
florence,Kevin Penkin,['anime score'],53
florence,Kevin Penkin,['anime score'],53
florence,Kevin Penkin,['anime score'],53
florence,Kevin Penkin,['anime score'],53
florence,Kevin Penkin,['anime score'],53
florence,Kevin Penkin,['anime score'],53
florence,Kevin Penkin,['anime score'],53
florence,Kevin Penkin,['anime score'],53
florence,Kevin Penkin,['anime score'],53
florence,Kevin Penkin,['anime score'],53
florence,Kevin Penkin,['anime score'],53
florence,Kevin Penkin,['anime score'],53
florence,Kevin Penkin,['anime score'],53
florence,Kevin Penkin,['anime score'],53
florence,Kevin Penkin,['anime score'],53
florence,Kevin Penkin,['anime score'],53
N/A,Daryl Hall & John Oates,"['album rock', 'classic rock', 'mellow gold', 'rock', 'soft rock', 'yacht rock']",71
N/A,Daryl Hall & John Oates,"['album rock', 'classic rock', 'mellow gold', 'rock', 'soft rock', 'yacht rock']",71
N/A,Daryl Hall & John Oates,"['album rock', 'classic rock', 'mellow gold', 'rock', 'soft rock', 'yacht rock']",71
N/A,The Kinks,"['album rock', 'british invasion', 'classic rock', 'folk rock', 'glam rock', 'mellow gold', 'protopunk', 'psychedelic rock', 'rock', 'singer-songwriter']",64
N/A,The Who,"['album rock', 'art rock', 'blues rock', 'british invasion', 'classic rock', 'hard rock', 'mellow gold', 'psychedelic rock', 'rock']",67
N/A,The Who,"['album rock', 'art rock', 'blues rock', 'british invasion', 'classic rock', 'hard rock', 'mellow gold', 'psychedelic rock', 'rock']",67
N/A,Lou Reed,"['art rock', 'classic rock', 'glam rock', 'permanent wave', 'psychedelic rock', 'rock', 'singer-songwriter']",61
N/A,The Beatles,"['beatlesque', 'british invasion', 'classic rock', 'merseybeat', 'psychedelic rock', 'rock']",82
N/A,Bob Dylan,"['classic rock', 'country rock', 'folk', 'folk rock', 'rock', 'roots rock', 'singer-songwriter']",70
N/A,The Beatles,"['beatlesque', 'british invasion', 'classic rock', 'merseybeat', 'psychedelic rock', 'rock']",82
N/A,The Beatles,"['beatlesque', 'british invasion', 'classic rock', 'merseybeat', 'psychedelic rock', 'rock']",82
N/A,The Beatles,"['beatlesque', 'british invasion', 'classic rock', 'merseybeat', 'psychedelic rock', 'rock']",82
N/A,The Beatles,"['beatlesque', 'british invasion', 'classic rock', 'merseybeat', 'psychedelic rock', 'rock']",82
N/A,Dire Straits,"['album rock', 'classic rock', 'mellow gold', 'rock', 'soft rock']",74
N/A,The Police,"['album rock', 'classic rock', 'mellow gold', 'permanent wave', 'rock']",74
N/A,Bruce Springsteen,"['classic rock', 'heartland rock', 'mellow gold', 'permanent wave', 'rock', 'singer-songwriter']",75
N/A,Bruce Springsteen,"['classic rock', 'heartland rock', 'mellow gold', 'permanent wave', 'rock', 'singer-songwriter']",75
N/A,John Mellencamp,"['album rock', 'classic rock', 'heartland rock', 'mellow gold', 'pop rock', 'rock', 'singer-songwriter', 'soft rock']",65
N/A,Tom Petty,"['album rock', 'classic rock', 'country rock', 'folk rock', 'heartland rock', 'mellow gold', 'pop rock', 'rock', 'singer-songwriter', 'soft rock']",67
N/A,Elton John,"['glam rock', 'mellow gold', 'piano rock']",83
N/A,The Beatles,"['beatlesque', 'british invasion', 'classic rock', 'merseybeat', 'psychedelic rock', 'rock']",82
N/A,The Rolling Stones,"['british invasion', 'classic rock', 'rock']",77
N/A,The Beatles,"['beatlesque', 'british invasion', 'classic rock', 'merseybeat', 'psychedelic rock', 'rock']",82
N/A,The Who,"['album rock', 'art rock', 'blues rock', 'british invasion', 'classic rock', 'hard rock', 'mellow gold', 'psychedelic rock', 'rock']",67
N/A,Pink Floyd,"['album rock', 'art rock', 'classic rock', 'progressive rock', 'psychedelic rock', 'rock', 'symphonic rock']",78
N/A,Pink Floyd,"['album rock', 'art rock', 'classic rock', 'progressive rock', 'psychedelic rock', 'rock', 'symphonic rock']",78
N/A,Cream,"['album rock', 'art rock', 'blues rock', 'classic rock', 'folk rock', 'hard rock', 'psychedelic rock', 'rock', 'roots rock', 'supergroup']",61
N/A,Jimi Hendrix,"['acid rock', 'album rock', 'blues rock', 'classic rock', 'hard rock', 'proto-metal', 'psychedelic rock', 'rock']",70
N/A,Jimi Hendrix,"['acid rock', 'album rock', 'blues rock', 'classic rock', 'hard rock', 'proto-metal', 'psychedelic rock', 'rock']",70
N/A,Jimi Hendrix,"['acid rock', 'album rock', 'blues rock', 'classic rock', 'hard rock', 'proto-metal', 'psychedelic rock', 'rock']",70
N/A,Jimi Hendrix,"['acid rock', 'album rock', 'blues rock', 'classic rock', 'hard rock', 'proto-metal', 'psychedelic rock', 'rock']",70
N/A,The Beach Boys,"['baroque pop', 'brill building pop', 'classic rock', 'psychedelic rock', 'rock', 'sunshine pop']",71
N/A,Eric Clapton,"['blues rock', 'classic rock', 'electric blues', 'rock']",70
N/A,The Beatles,"['beatlesque', 'british invasion', 'classic rock', 'merseybeat', 'psychedelic rock', 'rock']",82
N/A,Pink Floyd,"['album rock', 'art rock', 'classic rock', 'progressive rock', 'psychedelic rock', 'rock', 'symphonic rock']",78
N/A,Queen,"['classic rock', 'glam rock', 'rock']",84
N/A,Queen,"['classic rock', 'glam rock', 'rock']",84
N/A,David Bowie,"['art rock', 'classic rock', 'glam rock', 'permanent wave', 'rock']",76
N/A,Queen,"['classic rock', 'glam rock', 'rock']",84
N/A,The Smiths,"['madchester', 'new wave', 'permanent wave', 'rock', 'uk post-punk']",75
N/A,The Cure,"['new wave', 'permanent wave', 'rock', 'uk post-punk']",74
N/A,Pixies,"['alternative rock', 'boston rock', 'modern rock', 'permanent wave', 'rock']",70
N/A,The Turtles,"['brill building pop', 'bubblegum pop', 'classic rock', 'folk rock', 'psychedelic rock']",58
N/A,Johnny Cash,"['arkansas country', 'outlaw country']",73
N/A,Johnny Cash,"['arkansas country', 'outlaw country']",73
N/A,Led Zeppelin,"['album rock', 'classic rock', 'hard rock', 'rock']",76
N/A,Led Zeppelin,"['album rock', 'classic rock', 'hard rock', 'rock']",76
N/A,Led Zeppelin,"['album rock', 'classic rock', 'hard rock', 'rock']",76
N/A,The Beatles,"['beatlesque', 'british invasion', 'classic rock', 'merseybeat', 'psychedelic rock', 'rock']",82
N/A,The Beatles,"['beatlesque', 'british invasion', 'classic rock', 'merseybeat', 'psychedelic rock', 'rock']",82
N/A,The Who,"['album rock', 'art rock', 'blues rock', 'british invasion', 'classic rock', 'hard rock', 'mellow gold', 'psychedelic rock', 'rock']",67
Roo Panes,Roo Panes,"['british singer-songwriter', 'indie folk', 'indiecoustica', 'new americana', 'stomp and holler']",55
Roo Panes,Roo Panes,"['british singer-songwriter', 'indie folk', 'indiecoustica', 'new americana', 'stomp and holler']",55
Roo Panes,Roo Panes,"['british singer-songwriter', 'indie folk', 'indiecoustica', 'new americana', 'stomp and holler']",55
Roo Panes,Roo Panes,"['british singer-songwriter', 'indie folk', 'indiecoustica', 'new americana', 'stomp and holler']",55
Roo Panes,Roo Panes,"['british singer-songwriter', 'indie folk', 'indiecoustica', 'new americana', 'stomp and holler']",55
Roo Panes,Roo Panes,"['british singer-songwriter', 'indie folk', 'indiecoustica', 'new americana', 'stomp and holler']",55
Roo Panes,Roo Panes,"['british singer-songwriter', 'indie folk', 'indiecoustica', 'new americana', 'stomp and holler']",55
Roo Panes,Roo Panes,"['british singer-songwriter', 'indie folk', 'indiecoustica', 'new americana', 'stomp and holler']",55
Roo Panes,Roo Panes,"['british singer-songwriter', 'indie folk', 'indiecoustica', 'new americana', 'stomp and holler']",55
Roo Panes,Roo Panes,"['british singer-songwriter', 'indie folk', 'indiecoustica', 'new americana', 'stomp and holler']",55
Roo Panes,Roo Panes,"['british singer-songwriter', 'indie folk', 'indiecoustica', 'new americana', 'stomp and holler']",55
summer2018,Drew Holcomb & The Neighbors,"['acoustic pop', 'indie folk', 'indiecoustica', 'neo mellow', 'new americana', 'stomp and holler']",56
summer2018,Andrea Marie,['deep ccm'],34
summer2018,Josh Garrels,"['acoustic pop', 'christian indie', 'indiecoustica', 'indy indie', 'roots worship', 'stomp and holler']",52
summer2018,Josh Garrels,"['acoustic pop', 'christian indie', 'indiecoustica', 'indy indie', 'roots worship', 'stomp and holler']",52
summer2018,Brooke Fraser,"['nz christian', 'nz pop', 'worship']",44
summer2018,John Mayer,"['neo mellow', 'singer-songwriter']",76
summer2018,Bruno Major,['pop'],66
summer2018,Josh Garrels,"['acoustic pop', 'christian indie', 'indiecoustica', 'indy indie', 'roots worship', 'stomp and holler']",52
summer2018,Andrea Marie,['deep ccm'],34
summer2018,Josh Garrels,"['acoustic pop', 'christian indie', 'indiecoustica', 'indy indie', 'roots worship', 'stomp and holler']",52
summer2018,The Oh Hellos,"['folk-pop', 'indie pop', 'san marcos tx indie', 'shimmer pop', 'stomp and holler']",61
summer2018,Mumford & Sons,"['modern folk rock', 'stomp and holler', 'uk americana']",71
summer2018,Andrea Marie,['deep ccm'],34